ADM1_EN,ADM2_EN,a7,a8,a10_child,a10_adult,a10_elder,a11,a14,a9_male,a9_female,g5,g6,g8,g9,g19,g4,g7_i,g7_ii,g7_iii,g7_iv,g7_v,g7_vi,g7_vii,g7_viii,g7_ix,g7_x,g7_xi,g7_xii,g7_xiii,g7_xiv,a13,g44,g45_i,g45_ii,g45_iii,g45_iv,g45_v,g45_vi,g45_vii,b5,b6,b7,g15_i,g15_ii,g15_iii,g29,g25,g26,g28,g34_i,g34_ii,g34_iii,g34_iv,g34_v,g34_vi,g34_vii,g34_viii,g34_ix,g34_x,g34_xi,g32,g35,c3,g56,g57,c2,g95,g96,g97,g99,g98,b1,b3,g102,g37,g38,g39,b2,g41,a16,a17,g85,g89,g68,g66,g54,g54_i,g54_ii,g54_iii,g54_v,g54_vi,c9,g61,g62_i,g62_ii,g63,g51,g51b,a12,g53a,g53b_i,g53b_ii,g53b_iii,g53b_iv,g53b_v,g53b_vi,g53b_vii,g52,a22,a26_i,a26_ii,a26_iii,a26_iv,a26_xv,a26_v,a26_vi,a26_vii,a26_viii,a26_ix,a26_x,a26_xi,a26_xii,a26_xiii,a26_xiv,a15_i,a15_ii,a15_iii,a15_iv,a15_v,a15_xiv,a15_vi,a15_viii,a15_ix,a15_x,a15_xiii,a15_xii,a15_xi,a15_xv,a15_xvi,a15_xvii,a15_xviii,a15_xix,a15_xx,a15_xxi,a15_xxiii,a15_xxiv,g67,g73,g74,f7b,d1_ii,d1_iii,d1_iv,d1_v,d1_vi,d1_vii,d1_viii,d1_i,d1_ix,d1_x,d1_xi,d1_xii,d1_xiii,d2_ii,d2_iii,d2_iv,d2_v,d2_vi,d2_i,d2_vii,d2_viii,d2_ix,d2_x,d3_ii,d3_iii,d3_iv,d3_v,d3_i,d3_vi,d3_vii,d3_viii,d3_ix,d3_x,d3_xi,d3_xii,d3_xiii,d3_xiv,d3_xv,d4,d5_i,d5_ii,d5_iii,d5_iv,d5_v,d5_vi,d5_vii,d5_viii,d5_ix,d5_x,d6,d7,d10,d12,d15,indicative,g94,g46,g64,g65_i,g65_ii,g65_iii,g65_iv,g65_v,g65_vi,g65_vii,g65_viii,g65_ix,g65_x,a28,f7,f7,d8_i,d8_ii,d8_iii,d8_iv,d8_v,d8_vi,d8_vii,d8_viii,a24,a25,a29,a15_vii,a15_xxii
Al-Anbar,Al-Falluja,6.179854849,5.831883331,44.7849947,51.6404981,3.5745072,15.6139972,15.6139972,47.9498446,52.0501554,81.5556489,81.5556489,98.0981532,12.4911978,7.1757315,18.4443511,7.780953,0,33.3333333,7.780953,23.342859,0,0,0,0,17.7714273,12.7761902,17.7714273,0,9.9904743,11.09019818,30.3936078,72.1803964,17.0928049,2.6065345,13.3333333,48.1202642,13.3333333,0,55.4590783,22.2588194,14.1817914,96.8772006,3.1227994,0,75.6984985,100,61.986348,100,62.4200233,1.2328727,0,4.9314907,0,7.397236,0,38.4778494,24.3835637,3.2572283,0,79.1029688,46.0319037,11.2702451,1.9201055,5.7055403,15.6139972,94.5057129,40.6668105,0,87.7788315,96.5367535,85.9474025,92.1803964,96.5367535,36.9923109,63.8061355,6.9264929,15.1443563,100,97.5580946,16.2244736,83.294244,25.5108127,3.8893331,6.3529674,78.3541254,56.5624786,72.4465051,57.1055082,26.3051588,0,74.6875946,0.9509234,0.9509234,0,3.8746551,73.4972898,66.845343,0,0.6104763,0.6104763,0,0,0,0,0,0,46.2236685,61.0354246,68.3392474,6.6225574,29.597595,44.0396983,1.3245115,22.9750376,43.453833,1.3245115,0,6.7753382,11.4875188,0,2.649023,12.3789457,0,11.3241337,2.2648267,4.5296535,8.5584115,0,0,3.3972401,0,59.581797,49.2594542,55.9233119,4.660276,5.7926894,0,11.7160012,0,5.1611714,2.8963447,2.8963447,8.1881386,1.1324134,2.2648267,57.6872432,4.5296535,52.8996205,83.5836024,14.381403,22.1296254,80.3826977,49.0842855,24.5715308,6.2455989,35.1021057,46.1023214,0.6104763,5.3650932,0,1.5613997,2.8527701,63.3481361,51.2561615,19.4764669,49.3543148,11.5990506,9.4975922,6.6564636,29.748654,1.5613997,0,43.1791336,52.3362788,60.6245599,53.0875906,8.6875043,13.1720918,7.26694,2.1718761,0,5.5647048,0,0,0.6104763,0,0,71.1551347,13.4466894,87.1143709,9.3548605,0,0,1.7159024,0,12.0276778,0,0,79.5743765,19.0892149,1.3364086,83.5836024,26.1329306,1,NA,NA,NA,NA,NA,NA,NA,NA,NA,NA,NA,NA,NA,NA,NA,NA,NA,NA,NA,NA,NA,NA,NA,NA,NA,NA,NA,NA,NA
Al-Sulaymaniyah,Al-Sulaymaniyah,6.066776321,6.133714308,55.580453,43.7104513,0.7090957,4.513325,3.4692898,50.6202383,49.3797617,55.9749815,57.706033,83.4043272,52.307649,3.4621029,42.293967,0,0,52.86645,0,26.433225,0,0,0,9.2846404,0,0,0,0,16.0580048,25.15388798,33.8478769,87.0510568,15.2882926,15.2882926,0,0,2.3393495,0,69.2389608,7.8395399,21.3174616,100,0,0,100,100,24.6481944,100,76.1652366,5.2605656,0,2.0943756,54.749285,5.9586908,0,16.8535112,4.5624404,0,0,86.4155875,17.7252475,5.86753,0.2291482,1.4975469,1.2683986,100,10.8184671,0,64.7463203,99.7708518,91.7021636,100,97.5803155,16.4730154,54.7217888,32.8395399,1.7266951,100,90.1466254,96.775758,100,1.2683986,13.8013488,15.7742128,23.9090459,16.3665245,11.0637818,7.4877343,3.0019727,0,7.8107226,0,0,0,0,3.4549509,2.9711567,1.2683986,0.2291482,0,0.2291482,0,0,0,0,0,0,71.8984154,0,0,100,0,0,0,100,0,0,0,0,0,0,0,0,30.0085827,69.6304548,31.9060706,10.9907903,6.8514393,0,39.4794349,0,0.9404503,46.582574,31.9226579,0,0,0,0,0,0,0,0,0,0,0,31.9226579,31.9060706,2.7659455,74.7931719,97.0049063,58.0686881,99.7708518,13.4779217,0,1.2683986,0,0,0,26.7266951,0,0,0,96.7919246,98.6251105,74.4190461,1.3748895,0.4582965,0.6874447,1.1457412,1.9558433,0.2291482,0,61.8738839,95.7365077,3.9116867,98.7316014,37.7904769,0.4582965,0,0,0,0.2291482,0,0,0,0,0,95.9656559,66.9906574,97.1177757,0,0,0,1.3217214,4.4427272,69.1565372,0,0,49.9360931,46.7041196,0,74.7931719,0,1,NA,NA,NA,NA,NA,NA,NA,NA,NA,NA,NA,NA,NA,NA,NA,NA,NA,NA,NA,NA,NA,NA,NA,NA,NA,NA,NA,NA,NA
Al-Sulaymaniyah,Kalar,4.80952381,4.793650794,47.4294533,48.5015117,4.069035,20.6349206,17.4603175,51.3088939,48.6911061,52.6315789,52.6315789,79.3650794,44.4444444,0,47.3684211,0,0,44.4444444,0,38.8888889,0,0,0,16.6666667,0,0,0,0,11.1111111,9.090909091,27.7777778,100,0,0,0,0,44.4444444,0,68.2539683,4.7619048,19.047619,100,0,0,100,100,28.5714286,100,58.6206897,6.8965517,0,0,55.1724138,34.4827586,0,27.5862069,6.8965517,0,0,66.6666667,26.984127,9.5238095,0,0,1.5873016,100,74.6031746,0,63.4920635,100,96.8253968,90.9090909,92.0634921,14.2857143,46.031746,31.7460317,4.7619048,100,100,100,95.2380952,0,30,17.0731707,33.8983051,17.4603175,11.2903226,19.047619,11.2903226,0,16.6666667,0,0,0,0,5.8823529,5.8823529,3.1746032,0,0,0,0,0,0,0,0,0,57.1428571,#N/A,#N/A,#N/A,#N/A,#N/A,#N/A,#N/A,#N/A,#N/A,#N/A,#N/A,#N/A,#N/A,#N/A,#N/A,46.031746,61.9047619,12.6984127,11.1111111,20.6349206,0,34.9206349,0,12.6984127,49.2063492,12.6984127,1.5873016,3.1746032,0,1.5873016,0,0,0,0,0,0,0,12.6984127,12.6984127,0,69.8113208,98.4126984,50.7936508,100,9.5238095,0,0,0,6.3492063,0,26.984127,0,0,0,73.015873,77.7777778,71.4285714,19.047619,14.2857143,6.3492063,3.1746032,4.7619048,0,0,39.6825397,88.8888889,22.2222222,98.4126984,42.8571429,0,0,0,0,0,0,0,0,0,0,84.1269841,58.490566,83.0188679,0,0,0,0,3.7735849,28.3018868,0,0,66.0377358,24.5283019,0,69.8113208,0,1,NA,NA,NA,NA,NA,NA,NA,NA,NA,NA,NA,NA,NA,NA,NA,NA,NA,NA,NA,NA,NA,NA,NA,NA,NA,NA,NA,NA,NA
Baghdad,Al-Kadhmiyah,6.266666667,4.822222222,28.7655924,68.2784993,2.9559083,8.8888889,6.6666667,46.1486291,53.8513709,62.5,62.5,95.5555556,15.5555556,0,37.5,33.3333333,0,0,0,66.6666667,0,0,0,0,0,0,0,0,0,3.03030303,18.1818182,83.3333333,33.3333333,16.6666667,0,0,0,0,40,31.1111111,2.2222222,100,0,0,100,100,84.4444444,100,0,0,0,0,0,0,0,0,0,0,0,44.4444444,44.4444444,4.4444444,0,0,13.3333333,100,26.6666667,0,82.2222222,100,80,100,95.5555556,53.3333333,68.8888889,0,24.4444444,95.5555556,100,28.8888889,64.4444444,46.6666667,0,0,26.6666667,15.5555556,20,8.8888889,4.4444444,0,50,0,0,0,0,19.3548387,13.3333333,0,0,0,0,0,0,0,0,0,36.6666667,53.3333333,47.6190476,38.0952381,28.5714286,19.047619,4.7619048,9.5238095,0,4.7619048,0,19.047619,42.8571429,4.7619048,14.2857143,0,0,37.5,4.1666667,16.6666667,20.8333333,0,0,4.1666667,0,58.3333333,4.1666667,4.1666667,0,4.1666667,0,8.3333333,0,0,0,0,0,0,0,4.1666667,16.6666667,8.8888889,100,42.2222222,44.4444444,48.8888889,64.4444444,57.7777778,13.3333333,2.2222222,2.2222222,0,2.2222222,0,0,0,46.6666667,31.1111111,51.1111111,42.2222222,33.3333333,11.1111111,2.2222222,2.2222222,0,0,57.7777778,53.3333333,37.7777778,42.2222222,11.1111111,2.2222222,20,4.4444444,2.2222222,17.7777778,0,2.2222222,0,0,0,33.3333333,33.3333333,66.6666667,0,0,0,0,0,0,0,0,33.3333333,13.3333333,0,100,13.3333333,1,NA,NA,NA,NA,NA,NA,NA,NA,NA,NA,NA,NA,NA,NA,NA,NA,NA,NA,NA,NA,NA,NA,NA,NA,NA,NA,NA,NA,NA
Baghdad,Al-Risafa,5,4.066666667,30.9303351,61.2918871,7.7777778,15.9090909,15.9090909,41.0511464,58.9488536,80,80,93.3333333,11.1111111,0,20,50,0,25,0,0,0,0,0,0,0,0,25,0,0,0,18.1818182,42.8571429,14.2857143,28.5714286,42.8571429,14.2857143,14.2857143,0,57.7777778,26.6666667,4.4444444,97.7777778,2.2222222,0,88.8888889,100,88.8888889,100,41.1764706,0,0,0,0,0,0,5.8823529,14.7058824,0,0,60,35.5555556,6.6666667,0,2.2222222,11.1111111,100,17.7777778,0,86.6666667,100,46.6666667,85.7142857,97.7777778,33.3333333,55.5555556,11.1111111,4.4444444,97.7777778,100,82.2222222,55.5555556,13.3333333,0,0,4.5454545,4.4444444,2.2222222,2.2222222,2.2727273,0,100,0,0,0,2.2222222,37.5,6.8965517,0,2.2222222,0,0,0,0,0,0,0,34.4827586,48.8888889,55,35,50,55,5,10,25,0,0,0,0,0,0,0,0,32,12,12,4,0,0,4,0,32,28,12,0,4,0,4,0,16,0,4,16,4,8,12,12,13.3333333,90.9090909,37.7777778,33.3333333,60,44.4444444,37.7777778,8.8888889,22.2222222,26.6666667,2.2222222,8.8888889,0,2.2222222,0,48.8888889,53.3333333,35.5555556,26.6666667,37.7777778,11.1111111,0,0,0,0,42.2222222,64.4444444,55.5555556,37.7777778,13.3333333,24.4444444,8.8888889,0,2.2222222,11.1111111,0,0,0,0,0,48.8888889,27.2727273,86.3636364,0,0,0,22.7272727,0,18.1818182,0,0,95.4545455,4.5454545,0,90.9090909,33.3333333,1,NA,NA,NA,NA,NA,NA,NA,NA,NA,NA,NA,NA,NA,NA,NA,NA,NA,NA,NA,NA,NA,NA,NA,NA,NA,NA,NA,NA,NA
Diyala,Baquba,5.088888889,5.088888889,47.5714286,50.1322751,2.2962963,17.7777778,17.7777778,50.2671958,49.7328042,88.5714286,88.5714286,100,6.6666667,2.8571429,11.4285714,0,0,0,0,50,0,0,0,0,50,0,0,0,0,7.407407407,0,100,100,0,66.6666667,33.3333333,0,0,75.5555556,17.7777778,6.6666667,75.5555556,24.4444444,0,80,100,60,100,27.7777778,0,0,0,0,16.6666667,0,22.2222222,22.2222222,0,0,13.3333333,42.2222222,11.1111111,4.5454545,8.8888889,2.2222222,75.5555556,44.4444444,0,84.4444444,88.8888889,97.7777778,100,100,37.7777778,55.5555556,51.1111111,13.3333333,100,100,31.1111111,100,13.3333333,0,8.1081081,58.1395349,40.9090909,27.2727273,38.6363636,6.8181818,0,60,0,0,0,0,9.7560976,9.7560976,0,0,0,0,0,0,0,0,0,34.1463415,53.3333333,56,0,40,44,0,36,44,0,0,24,4,0,16,0,12,0,0,0,0,0,0,0,0,80,70,65,5,25,0,5,0,0,0,0,0,0,0,70,0,51.1111111,75,44.4444444,55.5555556,42.2222222,17.7777778,20,13.3333333,17.7777778,28.8888889,6.6666667,4.4444444,2.2222222,0,0,42.2222222,44.4444444,6.6666667,37.7777778,13.3333333,48.8888889,0,22.2222222,11.1111111,8.8888889,37.7777778,40,46.6666667,66.6666667,40,13.3333333,6.6666667,0,0,2.2222222,4.4444444,0,0,0,0,35.5555556,6.25,100,0,0,0,25,0,25,0,0,100,0,0,75,53.3333333,1,NA,NA,NA,NA,NA,NA,NA,NA,NA,NA,NA,NA,NA,NA,NA,NA,NA,NA,NA,NA,NA,NA,NA,NA,NA,NA,NA,NA,NA
Diyala,Khanaqin,5.393908639,5.327793337,43.9561945,49.9515117,6.0922938,13.8037377,16.0136041,50.2733248,49.7266752,86.4817967,86.4817967,95.7881804,12.7006916,0.4143835,13.5182033,0,0,36.389926,0,22.7009693,0,0,0,6.1307485,3.7791041,19.4514848,0,0,18.3922456,2.798702245,9.8506632,93.7857097,55.2181425,6.2142903,34.5158376,51.7737563,14.38721,0,75.2896105,17.7799459,6.8239014,85.6332975,14.3667025,0,27.6319043,100,13.4221769,100,26.1665603,2.4067399,0,1.8786186,3.3815134,18.2142304,0,26.3971982,17.3918546,0,0,15.1122601,49.6309212,7.3894517,3.0622848,8.9069276,1.3254028,71.5829228,54.2184469,0,84.6713864,92.4184752,91.6560372,97.7603834,98.3580807,24.7284586,58.9183694,51.1557971,11.0102518,98.796623,100,36.1343876,100,9.7523109,9.8928494,9.5802249,68.2903326,47.3464399,36.7746864,49.2526295,8.1350542,0,68.901848,0,0,0,0.3818254,7.6092031,6.1163841,0,0,0,0,0,0,0,0,0,28.4349839,40.1212532,57.7854039,1.8812259,42.9811907,51.2014648,0,32.9160055,54.6878066,1.1858553,0,11.1798164,2.1929478,0,13.480303,0,0,25.649911,21.7969887,1.8321365,2.4428487,4.8856973,0,6.8600297,0.6107122,33.3292712,43.905276,53.0778433,5.1334089,28.9906991,0,1.2214243,0,6.7447407,0,1.505816,0.752908,0,0,55.6628878,1.8321365,39.4457547,72.5948164,45.4796687,53.3159141,53.3048884,16.0161897,23.7872021,6.9979054,22.1089768,34.6212209,4.3470999,5.1143523,0.3008443,0,0,59.2808209,43.3033549,23.2412662,34.8313632,10.603222,29.9552077,1.0426276,17.4765161,15.5184578,4.9307193,34.5449623,59.8983495,45.405847,67.5340816,34.555988,10.2323303,1.9090222,0,0,0.9545111,2.2799138,0.3708917,0.9545111,0,0.3008443,44.1310258,32.1880415,100,9.5438968,0,0,12.9774154,0,22.4963282,0,0,81.5939133,14.3158452,0,73.2100981,45.8600407,1,NA,NA,NA,NA,NA,NA,NA,NA,NA,NA,NA,NA,NA,NA,NA,NA,NA,NA,NA,NA,NA,NA,NA,NA,NA,NA,NA,NA,NA
Duhok,Al-Amadiya,6.03125,5.4375,41.1955536,50.6273631,8.1770833,6.557377,8.1967213,54.6951746,45.3048254,71.7948718,74.3589744,96.875,10.9375,2.5641026,25.6410256,9.0909091,0,0,0,0,0,0,0,9.0909091,0,0,36.3636364,18.1818182,45.4545455,11.11111111,14.2857143,100,10,0,10,0,10,0,71.875,3.125,6.25,98.4375,1.5625,0,17.1875,100,4.6875,100,72,0,0,0,0,28,0,2,6,0,0,71.875,39.0625,18.75,1.5873016,9.375,3.125,98.4375,62.5,0,85.9375,90.625,67.1875,100,88.8888889,28.125,64.0625,40.625,7.8125,98.4375,100,57.8125,59.375,7.8125,1.9607843,94.5454545,8.3333333,0,1.6666667,3.3333333,1.6666667,0,41.6666667,0,0,0,0,31.372549,27.4509804,0,0,0,0,0,0,0,0,0,3.9215686,51.5625,100,0,0,0,0,0,0,0,0,0,0,0,0,0,0,39.6825397,25.3968254,7.9365079,11.1111111,1.5873016,1.5873016,11.1111111,1.5873016,4.7619048,30.1587302,28.5714286,0,11.1111111,0,12.6984127,0,1.5873016,1.5873016,4.7619048,11.1111111,1.5873016,0,28.5714286,7.9365079,53.125,70.4918033,51.5625,37.5,42.1875,15.625,31.25,3.125,12.5,34.375,0,1.5625,1.5625,0,7.8125,53.125,28.125,32.8125,3.125,0,1.5625,3.125,23.4375,4.6875,1.5625,34.375,28.125,28.125,54.6875,1.5625,17.1875,4.6875,0,0,4.6875,0,0,0,0,0,95.3125,67.2131148,96.7213115,0,0,0,3.2786885,40.9836066,32.7868852,0,0,88.5245902,6.557377,0,72.8813559,15.625,1,NA,NA,NA,NA,NA,NA,NA,NA,NA,NA,NA,NA,NA,NA,NA,NA,NA,NA,NA,NA,NA,NA,NA,NA,NA,NA,NA,NA,NA
Duhok,Sumail,6.513243117,6.236982108,45.9718813,49.5126396,4.5154791,5.781967,4.4593468,50.8543588,49.1456412,70.7931031,71.3871925,100,15.8178952,3.0802917,28.6128075,8.7907188,0,24.7174897,2.2679302,12.2071853,0,1.164229,0,0,11.5361349,4.1396058,18.0796267,1.3253868,21.0988016,12.35281659,24.2163553,74.7772219,24.607943,10.4030269,23.3568468,7.0225008,7.988271,1.617721,75.0556264,10.9698547,9.2949822,96.1355177,3.8644823,0,24.6556506,94.5805937,10.387755,94.3682855,81.0910155,0.7564076,0,0,0.5884509,26.374286,0,11.0310398,7.4508895,0.2676885,0,73.2948591,41.9077701,14.5914083,1.9129508,8.9708459,6.2654194,99.2494948,39.248118,0,96.3154118,91.8116731,76.9876932,63.7397013,88.5891835,50.39576,74.506759,40.9459656,26.1535735,98.0552508,100,58.4728017,69.2510618,9.9064012,11.2307914,91.7824895,2.1994416,1.2629865,0.5940359,0,0,0,46.7663462,0,0,0,0,51.9250486,48.9452205,0.7417133,1.8548345,1.8548345,0,0,0,0,0,0,19.1538176,35.7851341,53.9656731,0,21.248025,20.2686392,0,13.5124262,32.1071868,14.491812,0,10.2944899,0,0,0,0,0,46.3224985,21.2889712,20.0493034,11.1461937,1.2951185,0,6.0328235,0,7.3855949,25.1193561,34.7646635,0.6877691,7.7098613,0,28.1871006,1.2213425,1.3598949,0.671834,0.473487,9.9287974,1.0348497,0.2615812,35.2617714,20.0493034,38.7279693,56.151786,50.6172971,21.4069332,60.2799395,15.6600972,19.3204574,2.60643,29.7876957,42.6631066,0.9018627,5.1004036,1.6167565,0.4246163,2.6213227,66.3661611,43.2775697,12.3299048,3.7218576,1.4235091,0.7597848,1.199615,14.493286,1.5552578,0,27.0716223,45.181769,35.3933515,54.5542591,2.4983684,13.3423739,3.0707538,1.245616,0.556285,3.3194424,0,0,0,0.5650769,0,82.6729917,54.9199999,88.4293601,1.0706135,0,0,3.7155379,28.4360322,34.0696016,0,0.3077207,79.444278,7.3219247,2.0982896,58.3955689,12.026333,1,NA,NA,NA,NA,NA,NA,NA,NA,NA,NA,NA,NA,NA,NA,NA,NA,NA,NA,NA,NA,NA,NA,NA,NA,NA,NA,NA,NA,NA
Duhok,Zakho,7.272158487,6.444037984,45.7758284,50.470513,3.7536586,4.9017388,3.110477,49.6123674,50.3876326,81.4721658,82.4438297,99.1209529,12.2734061,0.3481782,17.5561703,6.8402708,0,10.8718568,0.9396085,24.2122212,0,0,0,2.1523691,10.9453514,0.9396085,27.4918368,0,20.73708,1.728893278,37.2486859,69.3806924,38.7005784,0.4924517,22.3190643,18.7788753,7.7159896,3.0477373,76.5724642,4.9213435,2.4124294,96.1361593,3.8638407,0,36.308206,97.0640066,20.4591129,97.0640066,80.6038167,0,0,0,0.2789184,25.4639216,0.7021187,5.7203823,6.5156008,0.2789184,0,69.5783559,43.2880294,19.1578052,2.5960009,9.5269846,4.1831298,99.7714504,32.8502378,0,90.5078541,95.9174322,78.908919,91.4588972,86.7833489,54.8936471,73.6301734,36.5731894,24.2876793,99.4611808,100,67.6608985,70.383849,2.3533161,7.0456272,90.591483,3.6599159,1.1225193,0,1.657557,0.3080404,0,56.6624859,0.7771913,0.7771913,0,0,31.2515914,30.4637962,1.0648543,1.8462653,1.8462653,0,0,0,0,0,0,10.0719051,33.707186,43.3411422,0,27.4720693,23.2904602,0,6.4795564,5.8963283,3.2397782,0,20.050682,0,0,0,0,0,42.3170341,21.7785966,14.7305246,7.7550674,0.6061734,0.130642,11.0390603,0.2992628,7.0304667,36.8558213,36.1276746,0.130642,11.3185358,0,37.9754291,1.8369614,0.5370285,1.3075808,0,6.0824849,1.6524703,0.6061734,36.2583166,14.7305246,34.1955373,66.9363515,48.7370759,30.3214448,57.6625412,16.8041768,24.1469691,3.6078039,25.9873468,35.3340297,0,1.6829225,0,0,2.4173715,63.3655274,41.1523975,12.3962624,3.7998469,2.1297086,1.3525172,0.2876629,11.3735983,4.2343394,0,24.739095,36.2602089,41.9171171,55.5782971,0.4570992,16.0961721,1.2342905,0,0.2876629,7.6062422,0,0,0,0,0,95.9942102,74.8959012,87.935449,3.4172481,0,0,2.7696517,34.7944745,38.8459374,0,0,78.7101777,8.0384884,0.6977717,67.6871989,18.2526263,1,NA,NA,NA,NA,NA,NA,NA,NA,NA,NA,NA,NA,NA,NA,NA,NA,NA,NA,NA,NA,NA,NA,NA,NA,NA,NA,NA,NA,NA
Erbil,Erbil,5.867592425,5.833488778,53.3824443,42.3252012,4.2923545,6.5831153,4.6962357,50.154523,49.845477,76.4808977,76.4808977,99.585352,8.884643,3.6505945,23.5191023,6.5761422,0,8.9456853,0,8.9456853,0,0,0,0,11.3152284,16.5868018,68.4238578,2.3695431,0,12.17159391,44.1286629,18.9478425,11.0120363,11.0120363,25.9919758,48.0160485,44.0481454,0,65.2907243,2.0732402,1.2439441,100,0,0,31.0706236,98.8492362,25.3168044,98.8492362,76.0453047,1.3072931,0,2.6145862,0,11.4004434,0,24.9444237,18.9848625,1.3072931,0,85.7761859,50.3214677,9.6207587,7.7338791,5.0177034,6.904583,100,13.5808786,0,87.1459105,98.8492362,90.00652,100,98.7560559,48.2063007,69.5210584,29.5657919,36.2327608,98.8492362,86.190834,41.6231854,77.8559462,1.9800599,12.7892153,24.0560664,73.8352462,49.6888789,54.9151964,61.8197794,23.4299248,0,28.2324481,0,0,0,7.3192311,77.6550498,75.5520156,0,0,0,0,0,0,0,0,0,40.651303,48.2482275,84.4720455,0,0,12.2762166,0,6.5034759,93.4965241,0,0,39.3496524,36.0979145,0,3.251738,0,9.0244786,20.5318563,4.1704506,1.7942009,18.5240577,1.9009997,1.318951,11.0268576,0,49.8691739,48.8118752,53.2920325,1.318951,15.4589604,0,8.2341023,0,1.7942009,0.4752499,3.5884018,33.5077682,0,0,53.2920325,1.7942009,62.6071487,93.0924919,17.592252,38.8045027,80.4789416,14.9599299,16.1106937,3.4522915,27.8559462,56.9139097,4.3747679,12.6584022,0,1.1507638,5.8469995,66.898063,55.7538192,18.7430158,40.4724216,5.6187121,9.2061107,3.8669396,28.4476282,1.1507638,0,41.3855713,56.4060813,47.1487172,61.7452525,12.3369345,17.3546379,8.0553469,1.1507638,0,1.9800599,0,0,0,0,0,95.3037643,52.0385306,89.3723116,0,0,0,0,8.1149776,34.1660256,0,0,68.845331,30.2845081,4.8298778,93.0924919,22.0089467,1,NA,NA,NA,NA,NA,NA,NA,NA,NA,NA,NA,NA,NA,NA,NA,NA,NA,NA,NA,NA,NA,NA,NA,NA,NA,NA,NA,NA,NA
Erbil,Makhmour,5.308823529,5.308823529,47.1947946,49.2022642,3.6029412,26.4705882,23.5294118,48.9367414,51.0632586,86,86,100,5.8823529,2,14,57.1428571,0,28.5714286,14.2857143,14.2857143,0,0,0,0,0,0,0,0,0,2.777777778,26.3157895,63.6363636,18.1818182,9.0909091,27.2727273,54.5454545,18.1818182,0,54.4117647,1.4705882,1.4705882,100,0,0,44.1176471,100,23.5294118,100,82.1428571,0,0,1.7857143,0,16.0714286,0,42.8571429,10.7142857,0,0,75,47.0588235,7.3529412,5.8823529,8.8235294,2.9411765,100,35.2941176,0,100,100,91.1764706,100,95.5882353,35.2941176,61.7647059,13.2352941,42.6470588,100,10.2941176,42.6470588,61.7647059,0,8.0645161,30.6451613,98.5294118,79.4117647,97.0588235,92.6470588,30.8823529,0,40,1.4705882,1.4705882,0,1.4705882,90.625,90.1639344,0,0,0,0,0,0,0,0,0,57.3770492,50,36.8421053,0,21.0526316,26.3157895,0,21.0526316,73.6842105,0,0,31.5789474,26.3157895,5.2631579,0,15.7894737,5.2631579,10.2040816,10.2040816,6.122449,4.0816327,0,0,0,0,38.7755102,48.9795918,59.1836735,4.0816327,12.244898,0,4.0816327,2.0408163,0,0,22.4489796,42.8571429,0,0,61.2244898,6.122449,69.1176471,93.6507937,13.2352941,52.9411765,80.8823529,23.5294118,14.7058824,1.4705882,17.6470588,44.1176471,1.4705882,22.0588235,0,2.9411765,5.8823529,72.0588235,52.9411765,4.4117647,41.1764706,4.4117647,8.8235294,10.2941176,36.7647059,1.4705882,0,63.2352941,38.2352941,48.5294118,63.2352941,13.2352941,20.5882353,14.7058824,0,0,2.9411765,0,0,0,0,0,92.6470588,25.3968254,92.0634921,0,0,0,0,9.5238095,17.4603175,0,0,84.1269841,15.8730159,0,95.1612903,8.8235294,1,NA,NA,NA,NA,NA,NA,NA,NA,NA,NA,NA,NA,NA,NA,NA,NA,NA,NA,NA,NA,NA,NA,NA,NA,NA,NA,NA,NA,NA
Kerbala,Al-Hindiya,5.11627907,4.627906977,38.9479513,60.7198228,0.3322259,6.9767442,6.9767442,51.7967885,48.2032115,96.2962963,96.2962963,100,6.9767442,7.4074074,3.7037037,#N/A,#N/A,#N/A,#N/A,#N/A,#N/A,#N/A,#N/A,#N/A,#N/A,#N/A,#N/A,#N/A,#N/A,7.142857143,16.6666667,#N/A,#N/A,#N/A,#N/A,#N/A,#N/A,#N/A,65.1162791,23.255814,16.2790698,100,0,0,100,100,79.0697674,100,42.4242424,0,0,0,0,0,0,3.030303,18.1818182,0,0,51.1627907,37.2093023,11.627907,0,0,11.627907,67.4418605,13.9534884,0,95.3488372,100,74.4186047,33.3333333,100,46.5116279,51.1627907,0,0,100,100,53.4883721,90.6976744,34.8837209,0,3.030303,25.5813953,25.5813953,25.5813953,25.5813953,25.5813953,0,100,0,0,0,0,68.2926829,48.6486486,0,0,0,0,0,0,0,0,0,35.1351351,26.1904762,87.5,31.25,43.75,31.25,0,18.75,31.25,0,0,0,0,0,0,0,0,11.1111111,3.7037037,7.4074074,0,0,0,0,0,44.4444444,51.8518519,48.1481481,0,11.1111111,0,3.7037037,0,0,0,0,0,0,0,48.1481481,7.4074074,25.5813953,100,23.255814,20.9302326,95.3488372,30.2325581,25.5813953,9.3023256,25.5813953,51.1627907,2.3255814,6.9767442,0,0,0,74.4186047,60.4651163,44.1860465,23.255814,2.3255814,0,0,9.3023256,0,0,62.7906977,83.7209302,58.1395349,39.5348837,0,0,0,0,0,6.9767442,0,0,0,0,0,25.5813953,100,100,0,0,0,63.6363636,9.0909091,9.0909091,0,0,100,0,0,100,62.7906977,1,NA,NA,NA,NA,NA,NA,NA,NA,NA,NA,NA,NA,NA,NA,NA,NA,NA,NA,NA,NA,NA,NA,NA,NA,NA,NA,NA,NA,NA
Kirkuk,Kirkuk,6.370306788,6.371852172,54.5531262,42.2959882,3.1508856,30.6660903,35.4562351,42.7915265,57.2084735,65.3779082,67.3418825,100,22.9954563,5.9929395,32.6581175,0,0,9.58521,4.1478996,13.4534428,0,0,0,0,22.0289087,4.1478996,52.3536165,4.1478996,19.1704201,25.96067699,8.2807731,100,47.1316274,0,30.8914534,0,7.3256397,0,80.4524956,6.3099997,13.9045472,100,0,0,2.7809094,100,0,100,78.4145215,0,0,0,0,34.0900736,0,13.4693148,3.2349405,2.7997735,9.7992072,98.0484097,37.4047692,10.2131803,0,0,9.1720474,100,1.4963616,0,99.6259096,99.6259096,75.8234316,86.9559012,93.3159099,49.6506781,80.1100065,50.3988589,39.5502374,100,100,45.7474975,96.6331864,7.2204571,16.1717886,69.8768197,66.3094319,11.2047761,18.0374809,21.1250043,62.7985529,0,46.3371801,0,0,0,0,35.392392,29.9774452,2.406819,0,0,0,0,0,0,0,0,49.7695483,51.7329439,38.3369803,0,80.8315098,0,0,0,0,61.6630197,0,19.1684902,0,0,0,0,0,12.2736261,6.136813,1.2273626,2.4547252,0,0,0,0.3815364,51.6180455,30.6196047,83.4467199,3.5165812,31.198878,0,11.4277999,0,1.2273626,0,0.3815364,18.6264689,0,0,83.4467199,1.2273626,92.2747771,97.3078786,32.7534078,48.9340986,81.2818148,9.6272761,7.2204571,1.2034095,51.5706672,47.0320454,8.4238666,3.6102286,0,2.406819,0,69.7029483,57.9438694,15.189095,29.5352055,1.870452,11.8402173,0,18.0511428,0,0,64.2222678,80.4524956,0,82.4852243,1.9515903,0,0,0,0,9.1404462,0,0,0,0,0,86.3884049,12.5371983,98.606978,1.393022,1.393022,0,0,0,38.9314562,0,0,85.5794042,6.0624635,0,97.3078786,63.5056882,1,NA,NA,NA,NA,NA,NA,NA,NA,NA,NA,NA,NA,NA,NA,NA,NA,NA,NA,NA,NA,NA,NA,NA,NA,NA,NA,NA,NA,NA
Ninewa,Al-Hamdaniya,5.670305812,5.626123043,50.4297048,48.1912658,1.3790294,30.3136806,30.7833959,47.0959438,52.9040562,76.1655026,78.5778712,94.7964756,13.0696538,4.2895706,21.4221288,16.7299388,3.9379935,46.8554407,7.4237844,11.9954681,1.6521517,1.7848663,0,1.3731604,1.6521517,3.3043033,31.5556693,2.7463207,0,8.999620564,37.9298715,52.7986637,16.8289298,0,23.175772,56.2568879,18.2105093,0,55.4929219,3.6193284,3.9289504,99.6986136,0.3013864,0,46.0570693,100,34.1234489,100,67.3375242,1.8896759,0,2.1455789,0,18.0502104,0.3682166,41.8498865,26.8391973,0,0,92.514797,42.2004331,11.0926402,2.6475884,14.5871042,11.6404696,94.7557135,26.7273941,0,93.2469894,94.6112272,95.2204434,100,97.8871057,36.082231,61.4157376,3.9005951,46.8743525,100,100,16.1891548,78.7143306,7.2684025,13.9730787,30.1346241,89.1759582,80.7270604,82.7862768,76.6410088,31.6747161,0,51.6016657,0.2789766,0.2789766,0,2.0255135,90.9377512,89.9915733,0.5579533,0.2318671,0,0,0,0,0,0.2318671,0,50.993889,55.0848243,58.2116725,0,5.2820085,50.970409,0,18.025825,67.5884359,3.9018531,0,32.2725619,35.5382242,0,1.9950863,1.0776742,0,15.0474597,2.1681252,0.3872867,12.6374587,0.4183968,0,8.5900455,0,51.3846784,54.4321402,49.7180962,0.7402841,28.4772732,0,5.2080242,2.4722656,1.5459676,0,4.8968788,11.8844926,0,0,50.4583803,0.3872867,72.9610956,93.4049252,12.0941761,33.4278546,79.8503569,31.8719108,26.4265056,3.6970833,16.0679779,43.8134752,1.4771862,15.8360788,0,5.7697062,8.0979965,62.8283544,45.8353011,11.4351905,51.9552955,2.3141161,4.3103817,8.3074539,36.2267172,1.9326848,0,50.601978,41.1585939,51.891352,63.8304201,7.6274241,16.2175101,11.8773827,2.3964191,0,2.3813453,0,0,0,0,0,97.1452944,31.1105744,92.343851,0.2386808,0,0,1.1463412,13.3976651,23.5202808,0,0,68.9421949,28.7651227,1.5819503,93.673933,18.8937984,1,NA,NA,NA,NA,NA,NA,NA,NA,NA,NA,NA,NA,NA,NA,NA,NA,NA,NA,NA,NA,NA,NA,NA,NA,NA,NA,NA,NA,NA
Ninewa,Al-Mosul,6.13946944,5.651050879,49.222958,48.3631572,2.4138848,28.3761789,26.6673484,48.3095672,51.6904328,78.6801413,80.2744509,80.8427303,16.4814868,5.3767118,19.7255491,26.730748,9.3858644,28.6385629,0,17.5827311,0,24.5006881,6.0459295,0,4.2965996,2.7851173,15.6749162,0,1.5114824,9.731241071,27.5284162,50.9808802,12.2991904,3.3866557,17.884343,54.6042724,33.5109155,0,61.7797753,8.8920252,16.3492749,97.608089,1.9773973,0.4145137,63.9719946,100,44.5079434,100,69.4415571,0.8845658,0,1.9344934,0,9.5071053,0,34.444332,18.7721559,1.0947592,0,83.7332639,41.4513332,10.6806146,2.2259414,6.7722102,8.3949014,90.8358432,20.9215579,0,92.8014645,97.608089,92.0078364,95.8826121,97.092649,36.5621699,48.9826287,8.0511505,27.3492321,97.7740586,100,16.5514288,77.480195,20.8964001,13.8941342,28.0790683,74.0969779,59.2950484,63.7243135,59.4369774,27.2647967,0,45.1211974,1.4000635,1.4000635,0,1.1230764,81.3932424,78.2789809,0,0,0,0,0,0,0,0,0,50.3184671,51.8695172,76.1916933,12.5888775,30.8524474,52.2837081,1.2393944,20.2873177,39.8248844,1.9240694,0,13.8281736,21.2991425,0,0,0,0,8.6423398,7.601416,4.7021118,9.0523005,0,0,1.0964965,1.9522153,55.6881072,49.9635584,58.8108786,2.8437315,12.6023431,0,6.1529964,4.4613341,4.1637512,0,1.0964965,9.2572809,0,0,59.9073751,4.7021118,66.0900254,91.1461785,19.6638143,29.2212524,76.7589355,36.6801079,22.8871435,6.0029904,25.4568001,44.2223586,3.4332981,11.2948914,0,2.4508978,4.1679394,67.520894,40.6437946,13.3732425,57.8851838,4.0465076,9.3030584,8.1055688,28.8124961,0,0,54.8557981,50.4739644,51.6678324,62.787369,8.0393745,12.0421294,5.5058666,2.9008108,0,2.9243984,0,0,0,0,1.0539838,75.8228896,19.3798946,93.5663121,0.5466867,0.2966867,0,5.2469409,7.9482304,23.5323795,0,0,71.7673663,28.2326337,0,91.1461785,25.964094,1,NA,NA,NA,NA,NA,NA,NA,NA,NA,NA,NA,NA,NA,NA,NA,NA,NA,NA,NA,NA,NA,NA,NA,NA,NA,NA,NA,NA,NA
Ninewa,Al-Shikhan,6.651778778,6.121198233,44.2262433,52.6045031,3.1692536,4.2986776,4.2861926,49.9072064,50.0927936,70.7317882,71.0836178,99.0094722,13.4833823,1.0751211,28.9163822,8.4816923,0,32.6789621,0,17.0375809,0,0,0,1.2020879,23.0480204,14.5663281,19.0677716,7.0326541,6.0775165,16.14451234,27.9033131,84.6746641,37.0261173,5.1084453,7.6978094,26.8092267,5.0381624,0,86.9685233,4.6188045,6.0856008,94.3132398,4.1941546,1.4926056,27.6420353,93.7853526,17.1969292,93.7853526,77.3177314,0,0,0,0,25.2900156,0,9.0191907,15.069446,0,0,73.0590447,47.4668146,18.8377545,4.9735287,9.2906741,5.3149351,100,37.6410213,0,93.244078,96.6037668,82.721544,100,90.0052975,55.0667314,81.203129,28.9139282,37.1693324,99.0231001,100,71.4753833,71.0982532,6.3950723,9.5102354,97.9043808,4.2644892,0,0,0.48845,1.2272616,0,31.0812186,0.7463028,0.7463028,0,0,45.7804377,44.7906158,0,2.9858038,2.9858038,0,0,0,0,0,0,18.0814086,35.5476802,15.3706106,7.6853053,14.9872828,38.4720421,0,37.6598709,22.6725881,7.6853053,0,23.4847593,0,23.4847593,0,0,0,41.0660109,17.3803114,24.290831,7.5087972,5.0507901,0.2522407,11.9583219,0.2522407,4.2784989,30.0591056,36.3585181,1.7938354,5.7290369,0,38.0711387,1.2752788,3.0424578,0.2522407,0,6.0079341,1.2626975,0,37.3815562,24.290831,46.5033022,61.5031842,55.0192116,28.5638135,67.3818135,7.9663119,16.2406488,3.9621111,23.9464554,42.0988144,0.244225,1.4288055,0.244225,0,1.196762,59.9567763,47.1410628,10.101983,4.4641889,0.7463028,0.7463028,1.4653499,12.5198699,1.905074,0,31.1351099,31.3793349,36.4393099,60.8254895,0,21.6016573,1.196762,0.48845,0,4.6962325,0,0,0,0,0,95.3568326,79.2743995,86.3056566,1.8214013,0,0,0,39.0930294,46.3645952,0,0,82.3766374,8.2176169,0.7683508,61.8119095,5.6093323,1,NA,NA,NA,NA,NA,NA,NA,NA,NA,NA,NA,NA,NA,NA,NA,NA,NA,NA,NA,NA,NA,NA,NA,NA,NA,NA,NA,NA,NA
Ninewa,Aqra,5.716981132,5.603773585,47.2804868,49.2603937,3.4591195,8,6,43.0326173,56.9673827,62.0689655,62.0689655,71.6981132,7.5471698,0,37.9310345,0,18.1818182,36.3636364,0,18.1818182,0,0,0,9.0909091,18.1818182,9.0909091,36.3636364,0,0,0,23.5294118,100,12.5,12.5,0,0,62.5,0,92.4528302,26.4150943,5.6603774,96.2264151,3.7735849,0,22.6415094,90.5660377,20.754717,90.5660377,86.0465116,2.3255814,0,0,0,44.1860465,0,0,6.9767442,0,0,69.8113208,39.6226415,16.9811321,1.8867925,1.8867925,3.7735849,100,7.5471698,0,100,100,77.3584906,100,88.6792453,49.0566038,77.3584906,62.2641509,81.1320755,75.4716981,100,43.3962264,79.245283,26.4150943,25.8064516,87.5,3.8461538,0,0,3.7735849,1.9230769,0,44.4444444,3.7735849,1.8867925,1.8867925,0,78.2608696,76.744186,0,0,0,0,0,0,0,0,0,25.5813953,24.5283019,#N/A,#N/A,#N/A,#N/A,#N/A,#N/A,#N/A,#N/A,#N/A,#N/A,#N/A,#N/A,#N/A,#N/A,#N/A,22.6415094,22.6415094,1.8867925,18.8679245,5.6603774,0,13.2075472,0,5.6603774,5.6603774,32.0754717,9.4339623,13.2075472,0,35.8490566,0,11.3207547,0,0,43.3962264,1.8867925,0,41.509434,1.8867925,41.509434,62.2641509,43.3962264,32.0754717,58.490566,1.8867925,0,0,32.0754717,43.3962264,1.8867925,15.0943396,0,1.8867925,9.4339623,62.2641509,22.6415094,13.2075472,3.7735849,0,0,0,24.5283019,1.8867925,0,26.4150943,37.7358491,26.4150943,54.7169811,1.8867925,9.4339623,1.8867925,0,0,0,0,0,0,0,0,100,90.5660377,100,0,0,0,1.8867925,1.8867925,88.6792453,0,0,84.9056604,5.6603774,3.7735849,63.4615385,11.3207547,1,NA,NA,NA,NA,NA,NA,NA,NA,NA,NA,NA,NA,NA,NA,NA,NA,NA,NA,NA,NA,NA,NA,NA,NA,NA,NA,NA,NA,NA
Salah Al-Din,Tikrit,5.24,4.26,38.068254,60.531746,1.4,40,40,47.9404762,52.0595238,88.8888889,88.8888889,100,14,7.4074074,11.1111111,0,0,0,0,33.3333333,0,0,0,0,0,33.3333333,33.3333333,0,0,5.714285714,3.7037037,100,0,0,0,66.6666667,0,0,44,14,0,100,0,0,100,100,86,100,54.5454545,0,0.00E+00,0,0,0,0,6.0606061,30.3030303,3.030303,0,94,32,14,0,0,46,52,14,0.00E+00,96,100,80,94.7368421,98,38,50,0,24,100,100,34,78,40,2.7777778,8,78,54,50,74,26.5306122,0.00E+00,71.4285714,0,0,0,0,66.6666667,43.2432432,2,2,0,0,0.00E+00,2,0.00E+00,0,1.00E-18,40.5405405,54,50,35,80,55,0,15,40,0,0,0,0,0,0,0,0,6.6666667,0,3.3333333,53.3333333,0,0,0,0,36.6666667,13.3333333,50,0,3.3333333,0.00E+00,0,0,33.3333333,0,6.6666667,36.6666667,0,0,50,3.3333333,26,81.0810811,22,34,68,24,18,16,26,66,0,4,0,6,0,52,56,26,38,38,30,0,2,0,0,72,60,60,46,6,2,0,0,0,0,0,0,0,0,0,74,67.5675676,100,0,0,0.00E+00,18.9189189,32.4324324,2.7027027,0.00E+00,0,94.5945946,5.4054054,0,81.0810811,30,1,NA,NA,NA,NA,NA,NA,NA,NA,NA,NA,NA,NA,NA,NA,NA,NA,NA,NA,NA,NA,NA,NA,NA,NA,NA,NA,NA,NA,NA
