ADM1_EN,ADM2_EN,a7,a8,a10_child,a10_adult,a10_elder,a11,a14,a9_male,a9_female,g5,g6,g8,g9,g19,g4,g7_i,g7_ii,g7_iii,g7_iv,g7_v,g7_vi,g7_vii,g7_viii,g7_ix,g7_x,g7_xi,g7_xii,g7_xiii,g7_xiv,a13,g44,g45_i,g45_ii,g45_iii,g45_iv,g45_v,g45_vi,g45_vii,b5,b6,b7,g15_i,g15_ii,g15_iii,g29,g25,g26,g28,g34_i,g34_ii,g34_iii,g34_iv,g34_v,g34_vi,g34_vii,g34_viii,g34_ix,g34_x,g34_xi,g32,g35,c3,g56,g57,c2,g95,g94,g96,g97,g99,g98,b1,b3,g46,g102,g37,g38,g39,b2,g41,a16,a17,g85,g89,g68,g66,g64,g65_i,g65_ii,g65_iii,g65_iv,g65_v,g65_vi,g65_vii,g65_viii,g65_ix,g65_x,g54,g54_i,g54_ii,g54_iii,g54_v,g54_vi,c9,g61,g62_i,g62_ii,g63,g51,g51b,a12,g53a,g53b_i,g53b_ii,g53b_iii,g53b_iv,g53b_v,g53b_vi,g53b_vii,g52,a28,g74,f7,f7b,d1_ii,d1_iii,d1_iv,d1_v,d1_vi,d1_vii,d1_viii,d1_i,d1_ix,d1_x,d1_xi,d1_xii,d1_xiii,d2_ii,d2_iii,d2_iv,d2_v,d2_vi,d2_i,d2_vii,d2_viii,d2_ix,d2_x,d8_i,d8_ii,d8_iii,d8_iv,d8_v,d8_vi,d8_vii,d8_viii,d3_ii,d3_iii,d3_iv,d3_v,d3_i,d3_vi,d3_vii,d3_viii,d3_ix,d3_x,d3_xi,d3_xii,d3_xiii,d3_xiv,d3_xv,d4,d5_i,d5_ii,d5_iii,d5_iv,d5_v,d5_vi,d5_vii,d5_viii,d5_ix,d5_x,d6,d7,d10,d12,d15,indicative,a22,a24,a25,a29,a26_i,a26_ii,a26_iii,a26_iv,a26_xv,a26_v,a26_vi,a26_vii,a26_viii,a26_ix,a26_x,a26_xi,a26_xii,a26_xiii,a26_xiv,a15_i,a15_ii,a15_iii,a15_iv,a15_v,a15_xiv,a15_vi,a15_vii,a15_viii,a15_ix,a15_x,a15_xiii,a15_xii,a15_xi,a15_xv,a15_xvi,a15_xvii,a15_xviii,a15_xix,a15_xx,a15_xxi,a15_xxii,a15_xxiii,a15_xxiv,g67,g73,g73
Al-Anbar,Al-Falluja,5.574257426,4.693069307,41.2216579,56.0315674,2.7467747,8.9108911,7.9207921,52.3473062,47.6526938,85.7142857,87.3015873,96.039604,9.9009901,4.7619048,12.6984127,77.7777778,0,22.2222222,0,0,0,0,0,0,0,0,0,0,0,4.838709677,0,100,0,0,0,0,0,0,44.5544554,13.8613861,13.8613861,100,0,0,100,100,76.2376238,100,26.9230769,0,0,0,0,0,0,1.9230769,11.5384615,1.9230769,0,62.3762376,31.6831683,3.960396,0,0,10.8910891,100,98.019802,4.950495,100,87.1287129,100,46.5346535,100,37.2340426,97,59.4059406,65.3465347,0,0,94.0594059,1.980198,69.3069307,62.3762376,32.6732673,7.9207921,6.9306931,0,#N/A,#N/A,#N/A,#N/A,#N/A,#N/A,#N/A,#N/A,#N/A,#N/A,1.980198,0.990099,0,0,0.990099,0,75,0,0,0,0,46.5346535,28.7128713,0,0,0,0,0,0,0,0,0,21.7821782,100,7.9207921,11.9047619,100,38.6138614,48.5148515,73.2673267,34.6534653,31.6831683,12.8712871,14.8514851,26.7326733,3.960396,1.980198,0,0,0,85.7142857,71.4285714,42.8571429,42.8571429,14.2857143,0,14.2857143,7.1428571,0,0,85.0574713,63.2183908,12.6436782,39.0804598,21.8390805,4.5977011,0,5.7471264,60.3960396,57.4257426,69.3069307,37.6237624,4.950495,7.9207921,7.9207921,3.960396,0,6.9306931,0,0,0,0,0,2.970297,0,100,0,0,0,33.3333333,0,0,0,0,100,0,0,100,42.5742574,0,NA,NA,NA,NA,NA,NA,NA,NA,NA,NA,NA,NA,NA,NA,NA,NA,NA,NA,NA,NA,NA,NA,NA,NA,NA,NA,NA,NA,NA,NA,NA,NA,NA,NA,NA,NA,NA,NA,NA,NA,NA,NA,NA,NA,NA,NA
Al-Anbar,Al-Kaim,5.666666667,5.430555556,36.5216308,58.5307281,4.9476411,8.4507042,5.6338028,51.1936987,48.8063013,90.9090909,90.9090909,100,19.4444444,6.8181818,9.0909091,25,25,25,25,0,0,0,0,0,25,0,0,0,25,13.63636364,0,66.6666667,0,16.6666667,16.6666667,16.6666667,41.6666667,8.3333333,43.0555556,16.6666667,9.7222222,100,0,0,97.2222222,100,84.7222222,100,45.0980392,0,0,0,0,11.7647059,0,27.4509804,3.9215686,1.9607843,0,79.1666667,44.4444444,5.5555556,2.7777778,1.3888889,12.5,97.2222222,100,37.5,100,79.1666667,100,40.2777778,0,59.4202899,88.8888889,58.3333333,45.8333333,13.8888889,1.3888889,88.8888889,4.1666667,59.7222222,61.1111111,30.5555556,6.9444444,19.4444444,0,#N/A,#N/A,#N/A,#N/A,#N/A,#N/A,#N/A,#N/A,#N/A,#N/A,20,1.4285714,2.8571429,11.1111111,7.1428571,0,75,0,0,0,0,40.2777778,27.7777778,0,0,0,0,0,0,0,0,0,31.9444444,97.2222222,12.5,3.3333333,80,44.4444444,27.7777778,58.3333333,38.8888889,45.8333333,6.9444444,23.6111111,27.7777778,0,5.5555556,0,0,0,77.2727273,40.9090909,31.8181818,63.6363636,27.2727273,13.6363636,4.5454545,31.8181818,0,0,84,64,32,42,24,12,0,0,76.3888889,58.3333333,80.5555556,26.3888889,5.5555556,13.8888889,12.5,1.3888889,1.3888889,0,0,0,0,0,1.3888889,20.8333333,26.6666667,100,0,0,0,6.6666667,0,0,0,0,100,0,0,80,37.5,1,NA,NA,NA,NA,NA,NA,NA,NA,NA,NA,NA,NA,NA,NA,NA,NA,NA,NA,NA,NA,NA,NA,NA,NA,NA,NA,NA,NA,NA,NA,NA,NA,NA,NA,NA,NA,NA,NA,NA,NA,NA,NA,NA,NA,NA,NA
Al-Anbar,Al-Ramadi,5.031578947,4.729166667,37.2160218,59.0414187,3.7425595,7.3684211,5.2631579,50.484871,49.515129,95.1612903,95.1612903,100,15.625,3.2258065,4.8387097,100,33.3333333,0,0,0,0,0,0,0,0,0,0,0,0,6.666666667,27.7777778,44.4444444,22.2222222,11.1111111,0,0,33.3333333,0,39.5833333,8.3333333,12.5,100,0,0,72.9166667,97.9166667,61.4583333,97.9166667,30.5555556,0,0,2.7777778,0,0,0,2.7777778,11.1111111,0,0,54.1666667,41.6666667,9.375,0,0,11.4583333,100,96.875,21.875,98.9583333,84.375,98.9583333,47.3684211,60,29.8701299,94.7916667,69.7916667,61.4583333,0,0,95.8333333,0,50,82.2916667,40.625,3.125,29.1666667,0,#N/A,#N/A,#N/A,#N/A,#N/A,#N/A,#N/A,#N/A,#N/A,#N/A,4.2553191,0,0,3.1578947,0,0,33.3333333,0,0,0,0,29.1666667,12.5,1.0416667,0,0,0,0,0,0,0,0,26.0416667,100,7.2916667,15.1515152,57.1428571,27.0833333,45.8333333,77.0833333,40.625,42.7083333,15.625,12.5,22.9166667,2.0833333,1.0416667,0,0,0,90,60,30,60,20,0,0,10,0,0,55.8139535,67.4418605,17.4418605,41.8604651,58.1395349,13.9534884,0,4.6511628,40.625,62.5,67.7083333,54.1666667,13.5416667,14.5833333,9.375,3.125,0,7.2916667,0,0,0,0,0,14.5833333,0,100,0,0,0,14.2857143,14.2857143,0,0,0,100,0,0,57.1428571,22.9166667,0,NA,NA,NA,NA,NA,NA,NA,NA,NA,NA,NA,NA,NA,NA,NA,NA,NA,NA,NA,NA,NA,NA,NA,NA,NA,NA,NA,NA,NA,NA,NA,NA,NA,NA,NA,NA,NA,NA,NA,NA,NA,NA,NA,NA,NA,NA
Al-Anbar,Al-Rutba,5.474576271,5.118644068,39.3112725,58.7046005,1.984127,7.0175439,7.0175439,50.3188055,49.6811945,95.3488372,95.3488372,88.1355932,3.3898305,2.3255814,4.6511628,50,0,0,0,50,0,0,0,0,0,0,0,0,0,2.777777778,0,100,14.2857143,14.2857143,0,57.1428571,14.2857143,0,49.1525424,8.4745763,8.4745763,88.1355932,11.8644068,0,100,100,79.6610169,100,35.7142857,2.3809524,0,0,0,0,0,19.047619,11.9047619,2.3809524,0,69.4915254,30.5084746,3.3898305,0,0,13.559322,86.440678,100,40.6779661,94.9152542,89.8305085,98.3050847,57.6271186,50,50.9433962,98.3050847,49.1525424,47.4576271,8.4745763,1.6949153,98.3050847,6.779661,57.6271186,61.0169492,16.9491525,3.3898305,18.6440678,0,#N/A,#N/A,#N/A,#N/A,#N/A,#N/A,#N/A,#N/A,#N/A,#N/A,7.0175439,0,3.4482759,3.4482759,5.0847458,0,50,0,0,0,1.7241379,59.3220339,49.1525424,0,0,0,0,0,0,0,0,0,27.1186441,98.3050847,18.6440678,0,50,25.4237288,20.3389831,57.6271186,35.5932203,44.0677966,1.6949153,38.9830508,27.1186441,3.3898305,1.6949153,1.6949153,0,5.0847458,78.9473684,36.8421053,52.6315789,31.5789474,5.2631579,10.5263158,5.2631579,15.7894737,0,0,77.5,75,17.5,47.5,10,5,0,5,49.1525424,57.6271186,66.1016949,35.5932203,3.3898305,13.559322,8.4745763,1.6949153,0,8.4745763,0,0,0,0,1.6949153,16.9491525,40,70,0,0,0,0,10,20,0,0,90,10,0,50,42.3728814,1,NA,NA,NA,NA,NA,NA,NA,NA,NA,NA,NA,NA,NA,NA,NA,NA,NA,NA,NA,NA,NA,NA,NA,NA,NA,NA,NA,NA,NA,NA,NA,NA,NA,NA,NA,NA,NA,NA,NA,NA,NA,NA,NA,NA,NA,NA
Al-Anbar,Ana,6.464788732,5.901408451,38.8437775,57.8186758,3.3375466,4.3478261,4.3478261,48.7322967,51.2677033,91.4893617,91.4893617,98.5915493,9.8591549,8.5106383,8.5106383,25,0,25,0,25,0,0,0,0,0,0,25,0,0,12.5,37.5,90,0,0,10,50,0,0,43.6619718,2.8169014,11.2676056,94.3661972,5.6338028,0,87.3239437,94.3661972,60.5633803,94.3661972,45.2380952,0,0,0,0,14.2857143,0,28.5714286,4.7619048,0,0,57.7464789,28.1690141,5.6338028,0,0,9.8591549,87.3239437,98.5915493,40.8450704,90.1408451,90.1408451,98.5915493,50.7042254,#N/A,38.0952381,91.5492958,60.5633803,54.9295775,9.8591549,0,97.1830986,1.4084507,69.0140845,54.9295775,7.0422535,1.4084507,26.7605634,1.4084507,#N/A,#N/A,#N/A,#N/A,#N/A,#N/A,#N/A,#N/A,#N/A,#N/A,15.942029,2.8571429,8.4507042,1.4285714,7.1428571,0,50,0,0,0,0,56.3380282,56.3380282,0,0,0,0,0,0,0,0,0,16.9014085,98.5915493,23.943662,2.6315789,0,28.1690141,26.7605634,50.7042254,29.5774648,16.9014085,7.0422535,32.3943662,28.1690141,5.6338028,4.2253521,1.4084507,0,14.084507,45.4545455,54.5454545,54.5454545,54.5454545,0,18.1818182,0,18.1818182,0,0,91.6666667,73.3333333,38.3333333,20,6.6666667,6.6666667,1.6666667,5,38.028169,40.8450704,66.1971831,46.4788732,5.6338028,32.3943662,18.3098592,0,1.4084507,11.2676056,1.4084507,0,0,0,0,5.6338028,0,75,0,0,0,0,0,25,0,0,100,0,0,0,21.1267606,1,NA,NA,NA,NA,NA,NA,NA,NA,NA,NA,NA,NA,NA,NA,NA,NA,NA,NA,NA,NA,NA,NA,NA,NA,NA,NA,NA,NA,NA,NA,NA,NA,NA,NA,NA,NA,NA,NA,NA,NA,NA,NA,NA,NA,NA,NA
Al-Anbar,Haditha,5.027027027,4.621621622,35.5777206,61.3481338,3.0741456,5.4054054,1.8018018,52.9000429,47.0999571,96.6101695,98.3050847,100,10.8108108,5.0847458,1.6949153,#N/A,#N/A,#N/A,#N/A,#N/A,#N/A,#N/A,#N/A,#N/A,#N/A,#N/A,#N/A,#N/A,#N/A,4.918032787,7.6923077,#N/A,#N/A,#N/A,#N/A,#N/A,#N/A,#N/A,47.7477477,7.2072072,14.4144144,100,0,0,78.3783784,100,57.6576577,100,25.8064516,0,0,0,0,0,0,4.8387097,9.6774194,3.2258065,0,60.3603604,40.5405405,3.6036036,0,0,7.2072072,99.0990991,97.2972973,19.8198198,100,84.6846847,98.1981982,39.6396396,#N/A,18.75,98.1981982,54.0540541,55.8558559,0,0,100,0,68.4684685,70.2702703,30.6306306,3.6697248,19.8198198,0,#N/A,#N/A,#N/A,#N/A,#N/A,#N/A,#N/A,#N/A,#N/A,#N/A,0.9009009,0.9009009,0,0,0,0,50,0,0,0,0,42.3423423,25.2252252,0.9009009,0,0,0,0,0,0,0,0,18.9189189,100,3.6036036,3.8461538,#N/A,34.2342342,30.6306306,71.1711712,37.8378378,45.9459459,11.7117117,18.018018,24.3243243,3.6036036,0.9009009,0,0,0,92.3076923,84.6153846,15.3846154,46.1538462,15.3846154,0,0,15.3846154,0,0,66.3265306,59.1836735,15.3061224,37.755102,37.755102,15.3061224,0,5.1020408,66.6666667,45.045045,58.5585586,36.9369369,12.6126126,7.2072072,7.2072072,4.5045045,0.9009009,13.5135135,0,0,0,0,0,0.9009009,#N/A,#N/A,#N/A,#N/A,#N/A,#N/A,#N/A,#N/A,#N/A,#N/A,#N/A,#N/A,#N/A,#N/A,37.8378378,0,NA,NA,NA,NA,NA,NA,NA,NA,NA,NA,NA,NA,NA,NA,NA,NA,NA,NA,NA,NA,NA,NA,NA,NA,NA,NA,NA,NA,NA,NA,NA,NA,NA,NA,NA,NA,NA,NA,NA,NA,NA,NA,NA,NA,NA,NA
Al-Anbar,Heet,5.210526316,4.833333333,40.4298942,56.9708995,2.5992063,5.2631579,5.2631579,49.5155423,50.4844577,97.4683544,97.4683544,93.75,8.3333333,1.2658228,1.2658228,0,0,0,0,0,0,0,100,0,100,0,100,0,0,4.47761194,10,66.6666667,0,0,66.6666667,33.3333333,0,0,67.7083333,5.2083333,31.25,100,0,0,59.375,89.5833333,44.7916667,89.5833333,29.6296296,0,0,0,0,0,0,7.4074074,14.8148148,3.7037037,0,40.625,27.0833333,4.1666667,0,0,6.25,100,98.9583333,9.375,100,90.625,100,52.0833333,80,22.4719101,100,57.2916667,72.9166667,0,0,80.2083333,0,65.625,85.4166667,43.75,0,19.7916667,0,#N/A,#N/A,#N/A,#N/A,#N/A,#N/A,#N/A,#N/A,#N/A,#N/A,0,0,0,0,0,0,100,0,0,0,0,45.8333333,31.25,2.0833333,0,0,0,0,0,0,0,0,13.5416667,100,9.375,0,#N/A,53.125,56.25,77.0833333,25,17.7083333,4.1666667,16.6666667,28.125,3.125,0,0,0,0,100,50,21.4285714,50,0,0,0,21.4285714,0,0,70.7317073,79.2682927,23.1707317,19.5121951,36.5853659,8.5365854,0,4.8780488,50,57.2916667,62.5,50,10.4166667,8.3333333,7.2916667,4.1666667,0,20.8333333,0,0,0,0,0,1.0416667,#N/A,#N/A,#N/A,#N/A,#N/A,#N/A,#N/A,#N/A,#N/A,#N/A,#N/A,#N/A,#N/A,#N/A,46.875,0,NA,NA,NA,NA,NA,NA,NA,NA,NA,NA,NA,NA,NA,NA,NA,NA,NA,NA,NA,NA,NA,NA,NA,NA,NA,NA,NA,NA,NA,NA,NA,NA,NA,NA,NA,NA,NA,NA,NA,NA,NA,NA,NA,NA,NA,NA
Baghdad,Al-Kadhmiyah,6.888888889,6.308641975,48.0007818,48.5375598,3.4616584,12.345679,12.345679,50.7276126,49.2723874,80,83.0769231,93.8271605,24.691358,6.1538462,16.9230769,15.3846154,0,46.1538462,0,23.0769231,0,0,0,0,0,0,7.6923077,0,7.6923077,12.5,26.6666667,78.5714286,0,7.1428571,21.4285714,64.2857143,28.5714286,0,46.9135802,7.4074074,9.8765432,98.7654321,1.2345679,0,69.1358025,86.4197531,62.962963,86.4197531,64.516129,1.6129032,0,0,0,8.0645161,1.6129032,37.0967742,24.1935484,1.6129032,0,80.2469136,45.6790123,9.8765432,3.7037037,3.7037037,9.8765432,92.5925926,96.2962963,46.9135802,87.654321,93.8271605,93.8271605,47.5,90,31.3432836,91.25,62.962963,55.5555556,12.345679,1.2345679,87.654321,6.1728395,56.7901235,50.617284,7.4074074,2.4691358,54.3209877,8.6419753,0,14.2857143,0,28.5714286,42.8571429,0,0,0,14.2857143,0,27.8481013,1.25,8.6419753,1.2345679,20,0,75,0,0,0,0,67.9012346,66.6666667,0,0,0,0,0,0,0,0,0,19.7530864,100,4.9382716,0,50,13.5802469,11.1111111,72.8395062,33.3333333,24.691358,4.9382716,35.8024691,55.5555556,4.9382716,9.8765432,1.2345679,0,4.9382716,75,0,0,50,0,25,0,25,0,0,82.1917808,60.2739726,46.5753425,9.5890411,10.9589041,20.5479452,0,2.739726,61.7283951,37.037037,59.2592593,46.9135802,13.5802469,13.5802469,14.8148148,2.4691358,0,2.4691358,0,0,0,0,1.2345679,2.4691358,50,0,0,0,0,0,50,0,0,0,50,50,0,50,9.8765432,1,NA,NA,NA,NA,NA,NA,NA,NA,NA,NA,NA,NA,NA,NA,NA,NA,NA,NA,NA,NA,NA,NA,NA,NA,NA,NA,NA,NA,NA,NA,NA,NA,NA,NA,NA,NA,NA,NA,NA,NA,NA,NA,NA,NA,NA,NA
Baghdad,Al-Mahmoudiya,5.788732394,5.676056338,43.5887548,53.195232,3.2160133,2.8169014,1.4084507,53.3002561,46.6997439,82.3529412,82.3529412,97.1830986,16.9014085,5.8823529,17.6470588,22.2222222,11.1111111,22.2222222,0,11.1111111,0,0,0,0,0,22.2222222,11.1111111,0,0,13.15789474,33.3333333,45.4545455,36.3636364,0,9.0909091,54.5454545,27.2727273,0,43.6619718,1.4084507,7.0422535,97.1830986,2.8169014,0,47.8873239,76.056338,39.4366197,76.056338,63.7931034,1.7241379,0,0,3.4482759,12.0689655,1.7241379,32.7586207,24.137931,1.7241379,0,70.4225352,40.8450704,2.8169014,1.4084507,2.8169014,4.2253521,84.5070423,97.1830986,46.4788732,84.5070423,94.3661972,91.5492958,54.9295775,100,41.6666667,97.1830986,47.8873239,38.028169,11.2676056,0,91.5492958,4.2253521,66.1971831,40.8450704,2.8169014,1.4285714,29.5774648,0,#N/A,#N/A,#N/A,#N/A,#N/A,#N/A,#N/A,#N/A,#N/A,#N/A,22.8571429,11.4285714,15.4929577,0,19.7183099,0,100,1.4084507,1.4084507,0,0,77.4647887,77.4647887,0,0,0,0,0,0,0,0,0,22.5352113,100,11.2676056,14.2857143,0,2.8169014,12.6760563,66.1971831,35.2112676,33.8028169,0,43.6619718,47.8873239,2.8169014,4.2253521,0,0,11.2676056,88.8888889,22.2222222,11.1111111,33.3333333,0,0,0,0,0,0,85.483871,66.1290323,51.6129032,4.8387097,8.0645161,20.9677419,0,0,47.8873239,39.4366197,59.1549296,46.4788732,4.2253521,22.5352113,11.2676056,4.2253521,0,4.2253521,0,0,0,0,1.4084507,1.4084507,0,0,100,0,0,0,0,0,0,0,100,0,0,0,15.4929577,1,NA,NA,NA,NA,NA,NA,NA,NA,NA,NA,NA,NA,NA,NA,NA,NA,NA,NA,NA,NA,NA,NA,NA,NA,NA,NA,NA,NA,NA,NA,NA,NA,NA,NA,NA,NA,NA,NA,NA,NA,NA,NA,NA,NA,NA,NA
Diyala,Al-Khalis,5.073394495,5.04587156,37.7657358,57.1192212,5.115043,14.953271,9.3457944,52.1694055,47.8305945,88.2352941,88.2352941,97.2477064,4.587156,4.4117647,11.7647059,0,0,12.5,0,12.5,0,0,0,0,0,75,12.5,0,0,6.849315068,20.6896552,85,55,0,30,45,25,0,71.559633,15.5963303,5.5045872,92.6605505,7.3394495,0,54.1284404,77.9816514,33.9449541,77.9816514,29.4871795,6.4102564,0,0,1.2820513,10.2564103,0,25.6410256,12.8205128,1.2820513,0,6.4220183,52.293578,2.7522936,3.6697248,12.8440367,7.3394495,98.1651376,95.412844,78.8990826,100,92.6605505,94.4954128,77.0642202,90,77.6315789,92.6605505,44.0366972,48.6238532,36.6972477,0,91.7431193,1.8348624,37.6146789,98.1651376,14.6788991,7.3394495,20.1834862,0,#N/A,#N/A,#N/A,#N/A,#N/A,#N/A,#N/A,#N/A,#N/A,#N/A,0.952381,0,0.9433962,0,0,0,66.6666667,0.9174312,0.9174312,0,3.6697248,4.587156,4.587156,0,0,0,0,0,0,0,0,0,22.9357798,90.8256881,36.6972477,0,100,37.6146789,31.1926606,34.8623853,23.853211,44.9541284,4.587156,17.4311927,47.706422,13.7614679,6.4220183,0.9174312,0,0,0,0,0,16.6666667,66.6666667,100,0,0,0,0,62.6262626,60.6060606,23.2323232,33.3333333,46.4646465,3.030303,5.0505051,14.1414141,39.4495413,44.0366972,45.8715596,49.5412844,49.5412844,22.0183486,0,0.9174312,0,1.8348624,1.8348624,3.6697248,0.9174312,0,0,2.7522936,0,100,0,0,0,0,0,0,0,0,100,0,0,100,53.2110092,0,NA,NA,NA,NA,NA,NA,NA,NA,NA,NA,NA,NA,NA,NA,NA,NA,NA,NA,NA,NA,NA,NA,NA,NA,NA,NA,NA,NA,NA,NA,NA,NA,NA,NA,NA,NA,NA,NA,NA,NA,NA,NA,NA,NA,NA,NA
Diyala,Al-Muqdadiya,5.345238095,5.345238095,41.7691799,53.4542706,4.7765495,24.6753247,23.3766234,50.4672147,49.5327853,90,90,92.8571429,13.0952381,1.4285714,10,14.2857143,0,57.1428571,0,28.5714286,0,0,0,0,0,0,0,0,0,3.333333333,18.1818182,81.25,18.75,0,6.25,56.25,31.25,0,46.4285714,8.3333333,7.1428571,97.6190476,2.3809524,0,88.0952381,94.047619,46.4285714,94.047619,35.483871,1.6129032,0,1.6129032,0,3.2258065,0,29.0322581,17.7419355,1.6129032,0,19.047619,69.047619,8.3333333,4.7619048,5.952381,7.1428571,98.8095238,97.6190476,71.4285714,100,92.8571429,95.2380952,60.7142857,68.75,71.875,92.8571429,64.2857143,66.6666667,27.3809524,0,97.6190476,1.1904762,33.3333333,92.8571429,19.047619,15.4761905,10.7142857,0,#N/A,#N/A,#N/A,#N/A,#N/A,#N/A,#N/A,#N/A,#N/A,#N/A,1.3513514,0,1.2987013,0,0,0,28.5714286,1.1904762,1.1904762,0,3.8961039,3.5714286,2.3809524,1.1904762,0,0,0,0,0,0,0,0,15.4761905,86.9047619,46.4285714,0,0,33.3333333,33.3333333,42.8571429,33.3333333,39.2857143,8.3333333,46.4285714,19.047619,8.3333333,3.5714286,0,0,0,36.3636364,0,0,63.6363636,36.3636364,45.4545455,9.0909091,45.4545455,0,9.0909091,68.4931507,69.8630137,27.3972603,24.6575342,38.3561644,2.739726,10.9589041,5.4794521,41.6666667,29.7619048,70.2380952,38.0952381,22.6190476,38.0952381,7.1428571,0,0,3.5714286,2.3809524,7.1428571,1.1904762,7.1428571,1.1904762,3.5714286,0,100,0,0,0,0,0,0,0,0,100,0,0,0,54.7619048,1,NA,NA,NA,NA,NA,NA,NA,NA,NA,NA,NA,NA,NA,NA,NA,NA,NA,NA,NA,NA,NA,NA,NA,NA,NA,NA,NA,NA,NA,NA,NA,NA,NA,NA,NA,NA,NA,NA,NA,NA,NA,NA,NA,NA,NA,NA
Diyala,Khanaqin,5.029126214,4.970873786,41.0186469,53.1237479,5.8576052,16.1616162,16,45.0681923,54.9318077,87.8787879,90.9090909,93.2038835,5.8252427,3.030303,9.0909091,0,0,0,0,50,0,0,0,0,12.5,37.5,0,0,0,3.278688525,5.4054054,94.1176471,5.8823529,11.7647059,11.7647059,70.5882353,11.7647059,0,67.961165,1.9417476,0.9708738,86.407767,13.592233,0,88.3495146,98.0582524,69.9029126,98.0582524,32.4324324,0,0,0,0,1.3513514,0,31.0810811,13.5135135,2.7027027,0,6.7961165,45.631068,8.7378641,6.7961165,14.5631068,4.8543689,100,95.1456311,50.4854369,100,95.1456311,100,80.5825243,93.75,79.4520548,97.0873786,44.6601942,36.8932039,46.6019417,3.8834951,98.0582524,1.9417476,48.5436893,98.0582524,8.7378641,4.8543689,41.7475728,0,#N/A,#N/A,#N/A,#N/A,#N/A,#N/A,#N/A,#N/A,#N/A,#N/A,1,0,0.990099,0,0,0,55.5555556,3.8834951,3.8834951,0,1.9607843,3.8834951,2.9126214,1.9417476,0,0,0,0,0,0,0,0,38.8349515,88.3495146,58.2524272,0,53.3333333,35.9223301,20.3883495,33.9805825,17.4757282,37.8640777,4.8543689,39.8058252,47.5728155,16.5048544,6.7961165,0,0,0,11.1111111,11.1111111,0,33.3333333,33.3333333,88.8888889,0,0,0,0,60.6382979,60.6382979,32.9787234,23.4042553,44.6808511,4.2553191,11.7021277,14.893617,33.0097087,37.8640777,47.5728155,61.1650485,51.4563107,19.4174757,0,0.9708738,0,2.9126214,1.9417476,6.7961165,0,0,0,14.5631068,13.3333333,100,0,0,0,0,0,0,0,0,100,0,0,53.3333333,51.4563107,0,NA,NA,NA,NA,NA,NA,NA,NA,NA,NA,NA,NA,NA,NA,NA,NA,NA,NA,NA,NA,NA,NA,NA,NA,NA,NA,NA,NA,NA,NA,NA,NA,NA,NA,NA,NA,NA,NA,NA,NA,NA,NA,NA,NA,NA,NA
Kirkuk,Al-Hawiga,5.372340426,5.378947368,43.0495937,53.1960204,3.754386,17.3913043,17.3913043,53.5920863,46.4079137,81.25,89.0625,98.9473684,5.2631579,12.5,10.9375,0,0,8.3333333,0,0,0,0,0,0,8.3333333,0,75,0,8.3333333,22.64150943,26.9230769,70.8333333,0,0,8.3333333,0,0,20.8333333,84.2105263,25.2631579,2.1052632,100,0,0,43.1578947,78.9473684,43.1578947,78.9473684,90.4109589,0,0,0,0,0,0,1.369863,0,0,0,80,50.5263158,12.6315789,1.0526316,0,5.2631579,84.2105263,97.8947368,37.8947368,100,91.5789474,100,78.9473684,86.6666667,63.4146341,94.7368421,44.2105263,67.3684211,43.1578947,0,86.3157895,6.3157895,80,100,0,3.1578947,64.2105263,1.0526316,#N/A,#N/A,#N/A,#N/A,#N/A,#N/A,#N/A,#N/A,#N/A,#N/A,6.4516129,6.3157895,5.2631579,4.2105263,6.4516129,0,33.3333333,0,0,0,0,49.4736842,49.4736842,0,0,0,0,0,0,0,0,0,55.7894737,97.8947368,54.7368421,0,#N/A,36.8421053,3.1578947,62.1052632,4.2105263,9.4736842,3.1578947,58.9473684,91.5789474,21.0526316,0,0,0,0,#N/A,#N/A,#N/A,#N/A,#N/A,#N/A,#N/A,#N/A,#N/A,#N/A,92.6315789,21.0526316,94.7368421,2.1052632,0,23.1578947,3.1578947,5.2631579,91.5789474,36.8421053,3.1578947,84.2105263,2.1052632,27.3684211,2.1052632,0,0,10.5263158,0,0,0,0,0,0,#N/A,#N/A,#N/A,#N/A,#N/A,#N/A,#N/A,#N/A,#N/A,#N/A,#N/A,#N/A,#N/A,#N/A,54.7368421,0,NA,NA,NA,NA,NA,NA,NA,NA,NA,NA,NA,NA,NA,NA,NA,NA,NA,NA,NA,NA,NA,NA,NA,NA,NA,NA,NA,NA,NA,NA,NA,NA,NA,NA,NA,NA,NA,NA,NA,NA,NA,NA,NA,NA,NA,NA
Kirkuk,Daquq,5.5,5.203539823,43.2632743,49.659889,7.0768366,13.2743363,13.2743363,48.4453575,51.5546425,82.6086957,84.057971,78.7610619,5.3097345,1.4492754,15.942029,8.3333333,0,8.3333333,8.3333333,8.3333333,0,0,0,0,0,25,66.6666667,0,16.6666667,5.454545455,9.5238095,25,25,0,50,50,25,0,56.6371681,2.6548673,7.9646018,100,0,0,51.3274336,51.3274336,50.4424779,51.3274336,59.7222222,0,0,0,0,11.1111111,0,18.0555556,22.2222222,1.3888889,0,99.1150442,28.3185841,2.6548673,0.8849558,0,7.079646,100,99.1150442,53.0973451,98.2300885,100,100,63.7168142,64.2857143,55.1724138,89.380531,38.0530973,38.0530973,25.6637168,0.8849558,71.6814159,11.5044248,64.6017699,52.2123894,12.3893805,0,59.2920354,0,#N/A,#N/A,#N/A,#N/A,#N/A,#N/A,#N/A,#N/A,#N/A,#N/A,18.5840708,0,4.4247788,8.8495575,14.159292,0,100,0,0,0,0,20.3539823,16.8141593,0.8849558,0,0,0,0,0,0,0,0,42.4778761,100,38.9380531,0,#N/A,27.4336283,19.4690265,67.2566372,2.6548673,1.7699115,0.8849558,64.6017699,63.7168142,6.1946903,11.5044248,0,0,5.3097345,#N/A,#N/A,#N/A,#N/A,#N/A,#N/A,#N/A,#N/A,#N/A,#N/A,89.380531,70.7964602,65.4867257,3.539823,7.9646018,0,0,0,57.5221239,84.9557522,29.2035398,81.4159292,5.3097345,1.7699115,0,0,0,6.1946903,0,0,0,0,0,0,#N/A,#N/A,#N/A,#N/A,#N/A,#N/A,#N/A,#N/A,#N/A,#N/A,#N/A,#N/A,#N/A,#N/A,76.1061947,0,NA,NA,NA,NA,NA,NA,NA,NA,NA,NA,NA,NA,NA,NA,NA,NA,NA,NA,NA,NA,NA,NA,NA,NA,NA,NA,NA,NA,NA,NA,NA,NA,NA,NA,NA,NA,NA,NA,NA,NA,NA,NA,NA,NA,NA,NA
Kirkuk,Dibis,4.761658031,4.78238342,35.4182087,58.2202484,6.3615429,15.0537634,16.6666667,48.5884941,51.4115059,91.2280702,91.2280702,94.8186528,6.2176166,4.3859649,8.7719298,0,0,10,40,0,0,0,0,0,10,0,50,0,40,6.956521739,9.2307692,65.5172414,3.4482759,0,24.137931,58.6206897,10.3448276,0,37.8238342,3.626943,2.0725389,100,0,0,12.4352332,98.9637306,6.2176166,98.4455959,48.8372093,0.7751938,0,1.5503876,1.5503876,8.5271318,0,17.8294574,17.8294574,0.7751938,2.3255814,88.6010363,43.5233161,7.7720207,0,0,0.5181347,100,99.4818653,29.015544,100,98.9637306,100,41.5789474,56,55.9210526,78.0104712,19.7916667,29.015544,25.9067358,1.5544041,98.9637306,4.6632124,77.2020725,31.0880829,1.5544041,0.5181347,40.9326425,0.5208333,#N/A,#N/A,#N/A,#N/A,#N/A,#N/A,#N/A,#N/A,#N/A,#N/A,0.5235602,0,0,0,0.5181347,0,20,0,0,0,0,14.507772,13.4715026,0.5181347,0.5181347,0,0,0,0,0.5181347,0,0,35.7512953,98.9637306,14.507772,0,#N/A,19.1709845,8.2901554,51.8134715,6.2176166,6.2176166,0.5181347,57.5129534,41.9689119,15.0259067,1.5544041,0.5181347,0,17.6165803,#N/A,#N/A,#N/A,#N/A,#N/A,#N/A,#N/A,#N/A,#N/A,#N/A,87.0466321,44.5595855,63.2124352,4.1450777,0.5181347,0,1.5544041,0.5181347,57.5129534,49.7409326,31.0880829,67.8756477,13.4715026,7.7720207,0,2.0725389,3.1088083,12.4352332,0,0,0,0,0,1.0362694,#N/A,#N/A,#N/A,#N/A,#N/A,#N/A,#N/A,#N/A,#N/A,#N/A,#N/A,#N/A,#N/A,#N/A,80.3108808,0,NA,NA,NA,NA,NA,NA,NA,NA,NA,NA,NA,NA,NA,NA,NA,NA,NA,NA,NA,NA,NA,NA,NA,NA,NA,NA,NA,NA,NA,NA,NA,NA,NA,NA,NA,NA,NA,NA,NA,NA,NA,NA,NA,NA,NA,NA
Kirkuk,Kirkuk,4.192307692,4.192307692,29.0396062,61.7754121,9.1849817,27.8846154,26.9230769,44.1151557,55.8848443,96.2962963,96.2962963,100,4.8076923,1.8518519,3.7037037,0,0,0,0,50,0,0,0,0,0,0,50,0,50,2.857142857,14.7058824,77.7777778,5.5555556,5.5555556,27.7777778,33.3333333,16.6666667,11.1111111,31.7307692,4.8076923,0,100,0,0,98.0769231,100,59.6153846,100,53.0864198,0,0,0,1.2345679,3.7037037,0,24.691358,17.2839506,0,0,94.2307692,55.7692308,3.8461538,0,0,1.9230769,100,98.0769231,43.2692308,99.0384615,98.0769231,100,51.9230769,70.8333333,60.6060606,75,36.5384615,31.7307692,26.9230769,0,100,0.9615385,87.5,35.5769231,1.9230769,0.9615385,44.2307692,0,#N/A,#N/A,#N/A,#N/A,#N/A,#N/A,#N/A,#N/A,#N/A,#N/A,2.970297,0,0,0,2.9411765,0,0,1.9230769,1.9230769,0,0,8.6538462,7.6923077,0,0.9615385,0.9615385,0,0,0,0,0,0,36.5384615,97.1153846,13.4615385,#N/A,#N/A,15.3846154,1.9230769,52.8846154,11.5384615,18.2692308,0,58.6538462,48.0769231,12.5,6.7307692,1.9230769,0,5.7692308,#N/A,#N/A,#N/A,#N/A,#N/A,#N/A,#N/A,#N/A,#N/A,#N/A,92.3076923,51.9230769,56.7307692,7.6923077,1.9230769,0,0,0,55.7692308,60.5769231,29.8076923,75.9615385,15.3846154,11.5384615,0,0,0,6.7307692,0,0,0,0,0,0,#N/A,#N/A,#N/A,#N/A,#N/A,#N/A,#N/A,#N/A,#N/A,#N/A,#N/A,#N/A,#N/A,#N/A,72.1153846,0,NA,NA,NA,NA,NA,NA,NA,NA,NA,NA,NA,NA,NA,NA,NA,NA,NA,NA,NA,NA,NA,NA,NA,NA,NA,NA,NA,NA,NA,NA,NA,NA,NA,NA,NA,NA,NA,NA,NA,NA,NA,NA,NA,NA,NA,NA
Ninewa,Al-Baaj,7.61038961,7.311688312,51.5759327,46.1262564,2.2978109,6.4935065,3.8961039,52.4138047,47.5861953,69.3548387,69.3548387,83.1168831,19.4805195,1.6129032,30.6451613,21.0526316,0,47.3684211,0,10.5263158,0,0,0,0,5.2631579,0,21.0526316,0,5.2631579,7.894736842,43.75,76.1904762,9.5238095,0,19.047619,38.0952381,4.7619048,0,58.4415584,10.3896104,3.8961039,98.7012987,1.2987013,0,83.1168831,89.6103896,33.7662338,89.6103896,65.4545455,3.6363636,0,3.6363636,0,1.8181818,0,60,12.7272727,0,0,68.8311688,36.3636364,6.4935065,3.8961039,6.4935065,6.4935065,15.5844156,88.3116883,41.5584416,77.9220779,85.7142857,96.1038961,70.1298701,100,50,93.4210526,61.038961,61.038961,16.8831169,0,84.4155844,20.7792208,38.961039,66.2337662,14.2857143,0,54.5454545,10.3896104,25,0,0,25,50,0,0,0,0,0,12.1621622,3.8961039,2.6315789,0,9.3333333,0,20,1.2987013,1.2987013,0,0,85.7142857,85.7142857,0,0,0,0,0,0,0,0,0,27.2727273,98.7012987,20.7792208,9.0909091,#N/A,0,9.0909091,48.0519481,63.6363636,31.1688312,6.4935065,38.961039,46.7532468,0,1.2987013,0,1.2987013,11.6883117,#N/A,#N/A,#N/A,#N/A,#N/A,#N/A,#N/A,#N/A,#N/A,#N/A,84.4155844,58.4415584,61.038961,11.6883117,7.7922078,10.3896104,0,0,27.2727273,54.5454545,67.5324675,38.961039,3.8961039,29.8701299,7.7922078,1.2987013,0,10.3896104,0,0,0,0,11.6883117,0,#N/A,#N/A,#N/A,#N/A,#N/A,#N/A,#N/A,#N/A,#N/A,#N/A,#N/A,#N/A,#N/A,#N/A,15.5844156,1,NA,NA,NA,NA,NA,NA,NA,NA,NA,NA,NA,NA,NA,NA,NA,NA,NA,NA,NA,NA,NA,NA,NA,NA,NA,NA,NA,NA,NA,NA,NA,NA,NA,NA,NA,NA,NA,NA,NA,NA,NA,NA,NA,NA,NA,NA
Ninewa,Al-Hamdaniya,5.736111111,5.652777778,44.7212471,48.4007004,6.8780525,9.7222222,6.9444444,49.7934473,50.2065527,83.6363636,83.6363636,97.2222222,19.4444444,3.6363636,16.3636364,0,0,55.5555556,0,22.2222222,0,0,0,0,11.1111111,0,22.2222222,0,0,8.333333333,9.0909091,64.2857143,14.2857143,0,0,57.1428571,21.4285714,0,36.1111111,4.1666667,6.9444444,98.6111111,1.3888889,0,84.7222222,95.8333333,63.8888889,95.8333333,60,4.4444444,0,0,0,0,0,51.1111111,24.4444444,0,0,65.2777778,38.8888889,8.3333333,2.7777778,5.5555556,0,95.8333333,97.2222222,59.7222222,100,97.2222222,97.2222222,48.6111111,80,20.3703704,95.8333333,44.4444444,27.7777778,12.5,0,97.2222222,1.3888889,73.6111111,45.8333333,0,0,41.6666667,2.7777778,0,0,0,0,50,50,0,0,0,0,30.5555556,5.7142857,4.2253521,2.7777778,25.3521127,0,16.6666667,0,0,0,0,88.8888889,88.8888889,1.3888889,0,0,0,0,0,0,0,0,23.6111111,95.8333333,19.4444444,3.125,0,0,5.5555556,72.2222222,5.5555556,30.5555556,11.1111111,34.7222222,58.3333333,0,1.3888889,0,0,8.3333333,#N/A,#N/A,#N/A,#N/A,#N/A,#N/A,#N/A,#N/A,#N/A,#N/A,69.4444444,59.7222222,55.5555556,15.2777778,1.3888889,33.3333333,0,1.3888889,48.6111111,41.6666667,73.6111111,26.3888889,1.3888889,31.9444444,26.3888889,1.3888889,0,2.7777778,0,0,0,0,5.5555556,6.9444444,0,100,0,0,0,0,0,0,0,0,80,0,0,0,13.8888889,1,NA,NA,NA,NA,NA,NA,NA,NA,NA,NA,NA,NA,NA,NA,NA,NA,NA,NA,NA,NA,NA,NA,NA,NA,NA,NA,NA,NA,NA,NA,NA,NA,NA,NA,NA,NA,NA,NA,NA,NA,NA,NA,NA,NA,NA,NA
Ninewa,Al-Hatra,6.689655172,6.689655172,51.2352901,46.8370279,1.927682,6.8965517,6.8965517,50.2965928,49.7034072,82.2222222,82.2222222,89.6551724,6.8965517,4.4444444,17.7777778,37.5,0,25,12.5,0,0,12.5,0,0,0,0,12.5,0,0,11.53846154,10,50,0,0,0,25,25,0,60.3448276,1.7241379,6.8965517,100,0,0,25.862069,87.9310345,15.5172414,87.9310345,63.0434783,4.3478261,0,0,0,13.0434783,0,47.826087,34.7826087,2.173913,0,84.4827586,32.7586207,8.6206897,3.4482759,5.1724138,5.1724138,20.6896552,84.4827586,48.2758621,74.137931,98.2758621,93.1034483,70.6896552,75,28.8461538,100,50,60.3448276,12.0689655,0,84.4827586,12.0689655,37.9310345,43.1034483,5.1724138,1.7241379,48.2758621,0,#N/A,#N/A,#N/A,#N/A,#N/A,#N/A,#N/A,#N/A,#N/A,#N/A,44.8275862,3.4482759,31.0344828,0,34.4827586,0,40,1.7241379,1.7241379,0,0,91.3793103,89.6551724,3.4482759,0,0,0,0,0,0,0,0,46.5517241,100,37.9310345,0,0,0,22.4137931,55.1724138,58.6206897,3.4482759,10.3448276,43.1034483,62.0689655,1.7241379,5.1724138,0,1.7241379,8.6206897,#N/A,#N/A,#N/A,#N/A,#N/A,#N/A,#N/A,#N/A,#N/A,#N/A,87.9310345,77.5862069,60.3448276,6.8965517,8.6206897,3.4482759,0,0,48.2758621,43.1034483,60.3448276,51.7241379,8.6206897,25.862069,10.3448276,0,0,1.7241379,0,1.7241379,0,0,0,3.4482759,0,0,100,0,0,0,0,100,0,0,100,0,0,0,13.7931034,1,NA,NA,NA,NA,NA,NA,NA,NA,NA,NA,NA,NA,NA,NA,NA,NA,NA,NA,NA,NA,NA,NA,NA,NA,NA,NA,NA,NA,NA,NA,NA,NA,NA,NA,NA,NA,NA,NA,NA,NA,NA,NA,NA,NA,NA,NA
Ninewa,Al-Mosul,5.606557377,5.606557377,42.1407577,53.5179074,4.3413349,6.557377,4.9180328,53.1837994,46.8162006,93.877551,93.877551,100,8.1967213,4.0816327,6.122449,0,0,0,33.3333333,0,0,0,0,0,0,0,66.6666667,0,0,5.263157895,25,50,16.6666667,0,16.6666667,50,50,0,57.3770492,0,6.557377,98.3606557,1.6393443,0,59.0163934,98.3606557,45.9016393,98.3606557,68,0,0,0,0,2,0,44,22,0,0,93.442623,34.4262295,13.1147541,6.557377,1.6393443,8.1967213,93.442623,98.3606557,37.704918,81.9672131,98.3606557,100,75.4098361,100,19.6078431,95.0819672,49.1803279,55.7377049,16.3934426,0,98.3606557,3.2786885,52.4590164,47.5409836,3.2786885,3.2786885,32.7868852,1.6393443,0,0,0,0,100,0,0,0,0,0,41.6666667,3.2786885,19.6721311,1.6666667,29.5081967,0,25,0,0,0,0,88.5245902,88.5245902,1.6393443,0,0,0,0,0,0,0,0,36.0655738,98.3606557,39.3442623,0,50,0,29.5081967,73.7704918,4.9180328,11.4754098,4.9180328,63.9344262,65.5737705,3.2786885,6.557377,0,3.2786885,6.557377,#N/A,#N/A,#N/A,#N/A,#N/A,#N/A,#N/A,#N/A,#N/A,#N/A,90.1639344,63.9344262,59.0163934,16.3934426,6.557377,16.3934426,0,0,50.8196721,40.9836066,55.7377049,49.1803279,13.1147541,32.7868852,9.8360656,0,0,4.9180328,0,0,0,0,0,6.557377,0,75,0,0,0,0,50,25,0,0,100,0,0,50,13.1147541,1,NA,NA,NA,NA,NA,NA,NA,NA,NA,NA,NA,NA,NA,NA,NA,NA,NA,NA,NA,NA,NA,NA,NA,NA,NA,NA,NA,NA,NA,NA,NA,NA,NA,NA,NA,NA,NA,NA,NA,NA,NA,NA,NA,NA,NA,NA
Ninewa,Al-Shikhan,12.03125,7.484375,53.4363631,41.8105081,4.7531288,4.8387097,4.8387097,49.9326028,50.0673972,29.6296296,31.4814815,57.8125,39.0625,0,68.5185185,7.8947368,2.6315789,26.3157895,5.2631579,10.5263158,2.6315789,10.5263158,0,0,21.0526316,5.2631579,31.5789474,0,7.8947368,37.93103448,16.6666667,100,20,0,0,0,0,0,90.625,25,18.75,85.9375,7.8125,6.25,23.4375,57.8125,15.625,57.8125,82,0,0,0,0,48,0,16,12,0,0,67.1875,43.75,14.0625,0,1.5625,0,96.875,68.75,12.5,78.125,98.4375,76.5625,78.125,100,70.6896552,90.3225806,70.3125,71.875,40.625,10.9375,84.375,10.9375,46.875,85.9375,15.625,1.5625,92.1875,0,#N/A,#N/A,#N/A,#N/A,#N/A,#N/A,#N/A,#N/A,#N/A,#N/A,0,0,0,0,0,0,33.3333333,0,0,0,0,57.8125,57.8125,0,0,0,0,0,0,0,0,0,42.1875,96.875,18.75,0,38.4615385,7.8125,10.9375,56.25,17.1875,3.125,14.0625,26.5625,68.75,0,0,0,0,10.9375,#N/A,#N/A,#N/A,#N/A,#N/A,#N/A,#N/A,#N/A,#N/A,#N/A,67.1875,1.5625,54.6875,0,7.8125,0,0,0,42.1875,51.5625,32.8125,57.8125,0,0,0,0,0,0,0,0,0,0,0,20.3125,7.6923077,92.3076923,0,0,0,0,0,7.6923077,0,0,92.3076923,7.6923077,0,45.4545455,1.5625,0,NA,NA,NA,NA,NA,NA,NA,NA,NA,NA,NA,NA,NA,NA,NA,NA,NA,NA,NA,NA,NA,NA,NA,NA,NA,NA,NA,NA,NA,NA,NA,NA,NA,NA,NA,NA,NA,NA,NA,NA,NA,NA,NA,NA,NA,NA
Ninewa,Sinjar,6.384615385,6.384615385,42.7467959,53.0438024,4.2094017,4.8387097,4.8387097,51.5331591,48.4668409,93.1818182,93.1818182,83.0769231,20,15.9090909,6.8181818,66.6666667,0,33.3333333,0,0,33.3333333,0,0,0,0,0,0,0,0,21.62162162,25,87.5,0,0,25,37.5,12.5,0,61.5384615,3.0769231,4.6153846,98.4615385,1.5384615,0,90.7692308,96.9230769,56.9230769,95.3846154,67.4418605,0,0,0,0,0,0,69.7674419,20.9302326,0,0,64.6153846,41.5384615,6.1538462,3.0769231,9.2307692,3.0769231,53.8461538,90.7692308,43.0769231,95.3846154,96.9230769,90.7692308,66.1538462,0,38.5964912,98.4615385,46.1538462,41.5384615,15.3846154,1.5384615,93.8461538,13.8461538,47.6923077,58.4615385,3.0769231,6.1538462,50.7692308,6.1538462,0,50,0,0,50,0,0,0,0,0,31.25,1.5384615,6.557377,0,23.8095238,0,50,0,0,0,0,93.8461538,90.7692308,0,0,0,0,0,0,0,0,0,32.3076923,95.3846154,26.1538462,0,0,0,6.1538462,69.2307692,64.6153846,16.9230769,1.5384615,20,61.5384615,1.5384615,0,0,0,6.1538462,#N/A,#N/A,#N/A,#N/A,#N/A,#N/A,#N/A,#N/A,#N/A,#N/A,84.6153846,49.2307692,52.3076923,15.3846154,0,27.6923077,0,0,44.6153846,53.8461538,76.9230769,16.9230769,0,20,21.5384615,0,0,6.1538462,0,0,0,0,4.6153846,7.6923077,0,100,0,0,0,0,0,0,0,0,100,0,0,0,10.7692308,1,NA,NA,NA,NA,NA,NA,NA,NA,NA,NA,NA,NA,NA,NA,NA,NA,NA,NA,NA,NA,NA,NA,NA,NA,NA,NA,NA,NA,NA,NA,NA,NA,NA,NA,NA,NA,NA,NA,NA,NA,NA,NA,NA,NA,NA,NA
Ninewa,Telafar,6.75,6.733333333,51.7087542,45.9354257,2.3558201,8.4745763,6.779661,51.2337662,48.7662338,86,86,95,21.6666667,8,14,28.5714286,0,42.8571429,0,14.2857143,0,0,0,0,0,0,14.2857143,0,0,16.12903226,25,53.8461538,7.6923077,0,7.6923077,53.8461538,15.3846154,7.6923077,41.6666667,1.6666667,6.6666667,100,0,0,81.6666667,98.3333333,51.6666667,98.3333333,50.9803922,3.9215686,0,3.9215686,1.9607843,1.9607843,0,41.1764706,19.6078431,0,0,66.6666667,50,8.3333333,1.6666667,6.6666667,10,90,95,61.6666667,88.3333333,95,95,58.3333333,75,31.8181818,96.6666667,53.3333333,45,10,0,98.3333333,10,56.6666667,33.3333333,3.3333333,5,43.3333333,8.4745763,60,20,0,0,20,0,0,0,0,0,40,1.6666667,12.5,0,28.3333333,0,40,0,0,0,0,88.3333333,86.6666667,0,0,0,0,0,0,0,0,0,23.3333333,96.6666667,25,0,#N/A,0,10,61.6666667,25,40,5,28.3333333,55,1.6666667,8.3333333,0,1.6666667,10,#N/A,#N/A,#N/A,#N/A,#N/A,#N/A,#N/A,#N/A,#N/A,#N/A,78.3333333,55,65,5,3.3333333,31.6666667,0,0,36.6666667,58.3333333,65,30,0,23.3333333,30,0,0,1.6666667,0,0,0,0,0,0,#N/A,#N/A,#N/A,#N/A,#N/A,#N/A,#N/A,#N/A,#N/A,#N/A,#N/A,#N/A,#N/A,#N/A,18.3333333,1,NA,NA,NA,NA,NA,NA,NA,NA,NA,NA,NA,NA,NA,NA,NA,NA,NA,NA,NA,NA,NA,NA,NA,NA,NA,NA,NA,NA,NA,NA,NA,NA,NA,NA,NA,NA,NA,NA,NA,NA,NA,NA,NA,NA,NA,NA
Ninewa,Tilkaef,6.280701754,6.280701754,52.9041037,42.8156249,4.2802714,5.2631579,7.0175439,52.6136047,47.3863953,84.0909091,84.0909091,96.4912281,5.2631579,2.2727273,15.9090909,57.1428571,0,14.2857143,0,14.2857143,0,0,0,0,0,0,28.5714286,0,0,3.571428571,23.0769231,63.6363636,0,0,27.2727273,54.5454545,36.3636364,0,61.4035088,3.5087719,1.754386,98.245614,1.754386,0,57.8947368,87.7192982,47.3684211,87.7192982,68.0851064,0,0,0,0,4.2553191,0,40.4255319,23.4042553,0,0,87.7192982,33.3333333,7.0175439,3.5087719,5.2631579,3.5087719,96.4912281,96.4912281,40.3508772,80.7017544,100,92.9824561,82.4561404,100,29.4117647,94.7368421,59.6491228,47.3684211,21.0526316,1.754386,92.9824561,10.5263158,61.4035088,42.1052632,1.754386,0,38.5964912,0,#N/A,#N/A,#N/A,#N/A,#N/A,#N/A,#N/A,#N/A,#N/A,#N/A,41.0714286,0,19.2982456,0,29.8245614,0,0,1.754386,1.754386,0,0,89.4736842,89.4736842,0,0,0,0,0,0,0,0,0,43.8596491,100,45.6140351,0,#N/A,0,26.3157895,77.1929825,7.0175439,14.0350877,10.5263158,61.4035088,59.6491228,1.754386,7.0175439,0,1.754386,7.0175439,#N/A,#N/A,#N/A,#N/A,#N/A,#N/A,#N/A,#N/A,#N/A,#N/A,84.2105263,68.4210526,52.6315789,19.2982456,7.0175439,10.5263158,0,0,56.1403509,56.1403509,56.1403509,56.1403509,5.2631579,24.5614035,12.2807018,0,0,0,0,0,0,0,0,1.754386,#N/A,#N/A,#N/A,#N/A,#N/A,#N/A,#N/A,#N/A,#N/A,#N/A,#N/A,#N/A,#N/A,#N/A,15.7894737,1,NA,NA,NA,NA,NA,NA,NA,NA,NA,NA,NA,NA,NA,NA,NA,NA,NA,NA,NA,NA,NA,NA,NA,NA,NA,NA,NA,NA,NA,NA,NA,NA,NA,NA,NA,NA,NA,NA,NA,NA,NA,NA,NA,NA,NA,NA
Salah Al-Din,Al-Daur,5.564516129,5.161290323,32.5102407,59.0751408,8.4146185,15,15,54.0258577,45.9741423,95,95,91.9354839,3.2258065,0,5,#N/A,#N/A,#N/A,#N/A,#N/A,#N/A,#N/A,#N/A,#N/A,#N/A,#N/A,#N/A,#N/A,#N/A,2.127659574,0,82.3529412,5.8823529,11.7647059,11.7647059,47.0588235,11.7647059,0,54.8387097,8.0645161,1.6129032,96.7741935,3.2258065,0,88.7096774,100,46.7741935,100,20.8333333,0,0,0,0,6.25,0,22.9166667,22.9166667,4.1666667,0,17.7419355,64.516129,4.8387097,4.8387097,3.2258065,3.2258065,96.7741935,95.1612903,59.6774194,100,87.0967742,91.9354839,61.2903226,100,67.5675676,91.9354839,38.7096774,43.5483871,19.3548387,0,100,1.6129032,35.483871,95.1612903,11.2903226,3.2258065,32.2580645,0,#N/A,#N/A,#N/A,#N/A,#N/A,#N/A,#N/A,#N/A,#N/A,#N/A,5.3571429,0,5.3571429,0,0,0,66.6666667,6.4516129,4.8387097,1.6129032,5.3571429,3.2258065,1.6129032,0,0,0,0,0,0,0,0,0,16.1290323,85.483871,30.6451613,4.1666667,#N/A,40.3225806,16.1290323,37.0967742,24.1935484,32.2580645,6.4516129,37.0967742,38.7096774,8.0645161,0,1.6129032,1.6129032,1.6129032,20,0,0,20,40,80,0,0,0,0,66.6666667,56.1403509,33.3333333,15.7894737,36.8421053,10.5263158,8.7719298,14.0350877,43.5483871,25.8064516,51.6129032,22.5806452,25.8064516,45.1612903,8.0645161,0,0,3.2258065,8.0645161,6.4516129,3.2258065,4.8387097,1.6129032,1.6129032,#N/A,#N/A,#N/A,#N/A,#N/A,#N/A,#N/A,#N/A,#N/A,#N/A,#N/A,#N/A,#N/A,#N/A,35.483871,1,NA,NA,NA,NA,NA,NA,NA,NA,NA,NA,NA,NA,NA,NA,NA,NA,NA,NA,NA,NA,NA,NA,NA,NA,NA,NA,NA,NA,NA,NA,NA,NA,NA,NA,NA,NA,NA,NA,NA,NA,NA,NA,NA,NA,NA,NA
Salah Al-Din,Al-Shirqat,5.294642857,5.598214286,44.8346668,53.1863437,1.9789895,7.7777778,7.7777778,49.602627,50.397373,76.5432099,80.2469136,100,44.6428571,4.9382716,14.8148148,20,6.6666667,20,26.6666667,0,6.6666667,20,0,0,13.3333333,0,13.3333333,0,0,10.14492754,16.2162162,72.4137931,10.3448276,17.2413793,3.4482759,55.1724138,6.8965517,0,63.3928571,16.0714286,4.4642857,94.6428571,5.3571429,0,85.7142857,97.3214286,54.4642857,96.4285714,56.5217391,6.5217391,0,8.6956522,4.3478261,0,0,10.8695652,6.5217391,0,0,59.8214286,27.6785714,8.0357143,0.8928571,2.6785714,7.1428571,100,98.2142857,66.0714286,74.1071429,81.25,84.8214286,63.3928571,50,45.1612903,83.0357143,80.3571429,83.9285714,16.0714286,0.8928571,95.5357143,1.7857143,61.6071429,80.3571429,36.6071429,4.6296296,37.5,0,#N/A,#N/A,#N/A,#N/A,#N/A,#N/A,#N/A,#N/A,#N/A,#N/A,17,15.5339806,0.9803922,0,0.9708738,0,44.4444444,0,0,0,0.9615385,54.4642857,47.3214286,0.8928571,0,0,0,0,0,0,0,0,25.8928571,98.2142857,12.5,0,#N/A,38.3928571,24.1071429,59.8214286,26.7857143,66.0714286,14.2857143,10.7142857,4.4642857,0,1.7857143,0,0,3.5714286,#N/A,#N/A,#N/A,#N/A,#N/A,#N/A,#N/A,#N/A,#N/A,#N/A,75.8928571,32.1428571,33.9285714,16.0714286,23.2142857,0,4.4642857,6.25,41.0714286,41.0714286,23.2142857,51.7857143,35.7142857,8.9285714,30.3571429,0.8928571,0.8928571,3.5714286,1.7857143,0.8928571,0,0,0,0,#N/A,#N/A,#N/A,#N/A,#N/A,#N/A,#N/A,#N/A,#N/A,#N/A,#N/A,#N/A,#N/A,#N/A,22.3214286,0,NA,NA,NA,NA,NA,NA,NA,NA,NA,NA,NA,NA,NA,NA,NA,NA,NA,NA,NA,NA,NA,NA,NA,NA,NA,NA,NA,NA,NA,NA,NA,NA,NA,NA,NA,NA,NA,NA,NA,NA,NA,NA,NA,NA,NA,NA
Salah Al-Din,Balad,6.157894737,5.087719298,35.9328878,59.7145642,4.352548,7.0175439,7.0175439,50.994152,49.005848,100,100,94.7368421,28.0701754,4.8780488,0,#N/A,#N/A,#N/A,#N/A,#N/A,#N/A,#N/A,#N/A,#N/A,#N/A,#N/A,#N/A,#N/A,#N/A,5,0,100,0,0,22.2222222,11.1111111,22.2222222,0,64.9122807,10.5263158,17.5438596,92.9824561,7.0175439,0,100,100,71.9298246,100,16.6666667,0,0,0,0,0,0,20,10,6.6666667,0,56.1403509,49.122807,15.7894737,3.5087719,0,22.8070175,100,98.245614,29.8245614,98.245614,94.7368421,100,31.5789474,50,42.3076923,96.4285714,61.4035088,59.6491228,12.2807018,0,100,7.0175439,40.3508772,82.4561404,21.0526316,3.5087719,15.7894737,1.754386,#N/A,#N/A,#N/A,#N/A,#N/A,#N/A,#N/A,#N/A,#N/A,#N/A,12.5,0,0,12.2807018,0,0,33.3333333,0,0,0,0,42.1052632,31.5789474,1.754386,0,0,0,0,0,0,0,0,31.5789474,98.245614,31.5789474,9.0909091,83.3333333,36.8421053,26.3157895,54.3859649,31.5789474,49.122807,7.0175439,28.0701754,31.5789474,3.5087719,0,0,0,1.754386,63.1578947,26.3157895,26.3157895,73.6842105,21.0526316,26.3157895,5.2631579,36.8421053,0,0,73.6842105,68.4210526,13.1578947,42.1052632,15.7894737,7.8947368,0,7.8947368,50.877193,47.3684211,71.9298246,28.0701754,3.5087719,12.2807018,15.7894737,3.5087719,5.2631579,19.2982456,1.754386,1.754386,1.754386,0,3.5087719,10.5263158,0,100,0,0,0,16.6666667,0,16.6666667,0,0,100,0,0,83.3333333,40.3508772,1,NA,NA,NA,NA,NA,NA,NA,NA,NA,NA,NA,NA,NA,NA,NA,NA,NA,NA,NA,NA,NA,NA,NA,NA,NA,NA,NA,NA,NA,NA,NA,NA,NA,NA,NA,NA,NA,NA,NA,NA,NA,NA,NA,NA,NA,NA
Salah Al-Din,Beygee,4.848,5.688,43.3946898,54.3027706,2.3025397,11.0091743,11.0091743,50.2290909,49.7709091,74.3902439,79.2682927,92.8,42.4,6.097561,18.2926829,42.1052632,21.0526316,10.5263158,5.2631579,5.2631579,10.5263158,5.2631579,5.2631579,0,5.2631579,0,26.3157895,0,5.2631579,19.40298507,21.4285714,96.969697,6.0606061,27.2727273,6.0606061,30.3030303,27.2727273,0,68,20,1.6,99.2,0.8,0,65.6,100,18.4,99.2,80,20,5.7142857,0,0,2.8571429,0,11.4285714,17.1428571,0,0,47.2,28,5.6,1.6,1.6,3.2,95.2,80.8,54.4,78.4,84.8,81.6,66.4,57.1428571,34.0909091,87.2,65.6,84,9.6,0,92.8,4.8,48.8,76.8,41.6,6.8376068,41.6,0,#N/A,#N/A,#N/A,#N/A,#N/A,#N/A,#N/A,#N/A,#N/A,#N/A,21.4953271,16.6666667,7.2072072,1.8181818,4.4642857,0,57.1428571,0,0,0,0,44.8,40,0.8,0.8928571,0.8928571,0,0,0,0,0.8928571,0,27.2,97.6,21.6,0,#N/A,56,34.4,58.4,24,54.4,14.4,14.4,10.4,0,0,0,0,0.8,#N/A,#N/A,#N/A,#N/A,#N/A,#N/A,#N/A,#N/A,#N/A,#N/A,76.8,41.6,28,19.2,24,1.6,0,0,44.8,45.6,20.8,45.6,29.6,15.2,21.6,8,4,0,0,0,5.6,0,0,0.8,#N/A,#N/A,#N/A,#N/A,#N/A,#N/A,#N/A,#N/A,#N/A,#N/A,#N/A,#N/A,#N/A,#N/A,19.2,0,NA,NA,NA,NA,NA,NA,NA,NA,NA,NA,NA,NA,NA,NA,NA,NA,NA,NA,NA,NA,NA,NA,NA,NA,NA,NA,NA,NA,NA,NA,NA,NA,NA,NA,NA,NA,NA,NA,NA,NA,NA,NA,NA,NA,NA,NA
Salah Al-Din,Samarra,6.935483871,5.822580645,41.1180061,56.8229239,2.05907,15,10,50.5036831,49.4963169,97.8723404,97.8723404,100,12.9032258,0,2.1276596,0,0,0,0,0,0,0,0,0,100,0,0,0,0,2.380952381,10,33.3333333,0,0,0,0,66.6666667,0,58.0645161,17.7419355,24.1935484,95.1612903,4.8387097,0,85.483871,100,59.6774194,100,23.0769231,0,0,0,0,2.5641026,0,23.0769231,10.2564103,7.6923077,0,58.0645161,37.0967742,4.8387097,1.6129032,1.6129032,17.7419355,100,96.7741935,24.1935484,100,95.1612903,100,37.0967742,83.3333333,46.1538462,98.3870968,53.2258065,41.9354839,9.6774194,0,96.7741935,11.2903226,53.2258065,77.4193548,24.1935484,1.6129032,12.9032258,0,#N/A,#N/A,#N/A,#N/A,#N/A,#N/A,#N/A,#N/A,#N/A,#N/A,1.7241379,0,1.6129032,0,0,0,66.6666667,1.6129032,1.6129032,0,0,53.2258065,38.7096774,0,0,0,0,0,0,0,0,0,25.8064516,98.3870968,20.9677419,0,#N/A,41.9354839,25.8064516,56.4516129,17.7419355,25.8064516,6.4516129,45.1612903,41.9354839,1.6129032,6.4516129,1.6129032,0,0,45.4545455,27.2727273,22.7272727,63.6363636,31.8181818,27.2727273,0,40.9090909,0,0,80,57.5,17.5,40,15,0,0,0,59.6774194,48.3870968,79.0322581,32.2580645,6.4516129,8.0645161,4.8387097,3.2258065,0,19.3548387,0,0,1.6129032,0,0,0,#N/A,#N/A,#N/A,#N/A,#N/A,#N/A,#N/A,#N/A,#N/A,#N/A,#N/A,#N/A,#N/A,#N/A,45.1612903,1,NA,NA,NA,NA,NA,NA,NA,NA,NA,NA,NA,NA,NA,NA,NA,NA,NA,NA,NA,NA,NA,NA,NA,NA,NA,NA,NA,NA,NA,NA,NA,NA,NA,NA,NA,NA,NA,NA,NA,NA,NA,NA,NA,NA,NA,NA
Salah Al-Din,Tikrit,5.690909091,5.145454545,27.7520005,68.1354454,4.1125541,9.2592593,5.5555556,53.2131707,46.7868293,94.2857143,94.2857143,98.1818182,20,5.7142857,5.7142857,0,0,0,0,50,0,0,50,0,0,0,0,0,50,7.142857143,0,50,25,25,25,0,50,0,56.3636364,32.7272727,1.8181818,100,0,0,100,100,78.1818182,100,42.4242424,6.0606061,0,0,0,3.030303,0,24.2424242,18.1818182,6.0606061,0,63.6363636,56.3636364,12.7272727,0,0,21.8181818,100,98.1818182,43.6363636,100,78.1818182,100,29.0909091,33.3333333,42.5925926,87.037037,74.5454545,61.8181818,12.7272727,0,100,5.4545455,56.3636364,78.1818182,16.3636364,5.5555556,25.4545455,0,#N/A,#N/A,#N/A,#N/A,#N/A,#N/A,#N/A,#N/A,#N/A,#N/A,11.5384615,1.8518519,5.5555556,1.8518519,1.8518519,0,42.8571429,1.8518519,0,1.8518519,0,29.0909091,21.8181818,0,0,0,0,0,0,0,0,0,20,100,18.1818182,4.1666667,0,38.1818182,29.0909091,63.6363636,23.6363636,38.1818182,7.2727273,30.9090909,34.5454545,1.8181818,10.9090909,1.8181818,0,0,47.0588235,23.5294118,11.7647059,82.3529412,23.5294118,35.2941176,17.6470588,23.5294118,0,5.8823529,68.4210526,36.8421053,18.4210526,55.2631579,34.2105263,15.7894737,7.8947368,10.5263158,58.1818182,67.2727273,63.6363636,20,7.2727273,7.2727273,25.4545455,5.4545455,1.8181818,12.7272727,0,1.8181818,0,0,1.8181818,7.2727273,0,100,0,0,0,0,0,0,0,0,75,25,0,0,25.4545455,1,NA,NA,NA,NA,NA,NA,NA,NA,NA,NA,NA,NA,NA,NA,NA,NA,NA,NA,NA,NA,NA,NA,NA,NA,NA,NA,NA,NA,NA,NA,NA,NA,NA,NA,NA,NA,NA,NA,NA,NA,NA,NA,NA,NA,NA,NA
Salah Al-Din,Tooz Khurmato,4.616883117,5.246753247,38.587902,55.7872034,5.6248946,12.8378378,10.8108108,47.0488728,52.9511272,82.6530612,84.6938776,97.4025974,25.3246753,6.185567,4.0816327,60,20,0,0,0,0,0,0,0,20,0,40,0,0,6.862745098,23.8095238,81.3953488,13.9534884,23.255814,2.3255814,34.8837209,16.2790698,0,54.5454545,2.5974026,0,94.1558442,5.8441558,0,91.5584416,100,38.961039,100,89.5522388,5.9701493,1.4925373,1.4925373,0,2.9850746,0,14.9253731,2.9850746,0,0,57.1428571,27.2727273,7.7922078,1.2987013,1.9480519,7.1428571,100,99.3506494,74.6753247,77.2727273,77.2727273,81.1688312,75.974026,100,28.8288288,79.8701299,64.9350649,66.8831169,7.1428571,0.6493506,98.7012987,11.038961,44.1558442,82.4675325,35.0649351,9.1549296,36.3636364,0.7142857,100,0,0,0,0,100,0,0,0,0,18.705036,10.8695652,1.4285714,0,2.1126761,0,25,0,0,0,0,32.4675325,32.4675325,0,0,0,0,0,0,0,0,0,23.3766234,94.8051948,20.1298701,0,#N/A,46.7532468,31.8181818,72.7272727,31.1688312,60.3896104,4.5454545,4.5454545,13.6363636,0,0.6493506,0,0,0,#N/A,#N/A,#N/A,#N/A,#N/A,#N/A,#N/A,#N/A,#N/A,#N/A,79.2207792,36.3636364,38.961039,41.5584416,24.025974,5.8441558,0.6493506,1.9480519,40.9090909,47.4025974,19.4805195,57.7922078,40.9090909,9.7402597,24.6753247,3.8961039,1.9480519,2.5974026,0.6493506,0.6493506,0,0,0,1.2987013,#N/A,#N/A,#N/A,#N/A,#N/A,#N/A,#N/A,#N/A,#N/A,#N/A,#N/A,#N/A,#N/A,#N/A,37.6623377,0,NA,NA,NA,NA,NA,NA,NA,NA,NA,NA,NA,NA,NA,NA,NA,NA,NA,NA,NA,NA,NA,NA,NA,NA,NA,NA,NA,NA,NA,NA,NA,NA,NA,NA,NA,NA,NA,NA,NA,NA,NA,NA,NA,NA,NA,NA
