ADM1_EN,ADM2_EN,a7,a8,a10_child,a10_adult,a10_elder,a11,a14,a9_male,a9_female,g5,g6,g8,g9,g19,g4,g7_i,g7_ii,g7_iii,g7_iv,g7_v,g7_vi,g7_vii,g7_viii,g7_ix,g7_x,g7_xi,g7_xii,g7_xiii,g7_xiv,a13,g44,g45_i,g45_ii,g45_iii,g45_iv,g45_v,g45_vi,g45_vii,b5,b6,b7,g15_i,g15_ii,g15_iii,g29,g25,g26,g28,g34_i,g34_ii,g34_iii,g34_iv,g34_v,g34_vi,g34_vii,g34_viii,g34_ix,g34_x,g34_xi,g32,g35,c3,g56,g57,c2,g95,g94,g96,g97,g99,g98,b1,b3,g46,g102,g37,g38,g39,b2,g41,a16,a17,g85,g89,g68,g66,g64,g65_i,g65_ii,g65_iii,g65_iv,g65_v,g65_vi,g65_vii,g65_viii,g65_ix,g65_x,g54,g54_i,g54_ii,g54_iii,g54_v,g54_vi,c9,g61,g62_i,g62_ii,g63,g51,g51b,a12,g53a,g53b_i,g53b_ii,g53b_iii,g53b_iv,g53b_v,g53b_vi,g53b_vii,g52,a22,a24,a25,a29,a26_i,a26_ii,a26_iii,a26_iv,a26_xv,a26_v,a26_vi,a26_vii,a26_viii,a26_ix,a26_x,a26_xi,a26_xii,a26_xiii,a26_xiv,a15_i,a15_ii,a15_iii,a15_iv,a15_v,a15_xiv,a15_vi,a15_vii,a15_viii,a15_ix,a15_x,a15_xiii,a15_xii,a15_xi,a15_xv,a15_xvi,a15_xvii,a15_xviii,a15_xix,a15_xx,a15_xxi,a15_xxii,a15_xxiii,a15_xxiv,g67,g73,g74,f7,f7b,d1_ii,d1_iii,d1_iv,d1_v,d1_vi,d1_vii,d1_viii,d1_i,d1_ix,d1_x,d1_xi,d1_xii,d1_xiii,d2_ii,d2_iii,d2_iv,d2_v,d2_vi,d2_i,d2_vii,d2_viii,d2_ix,d2_x,d3_ii,d3_iii,d3_iv,d3_v,d3_i,d3_vi,d3_vii,d3_viii,d3_ix,d3_x,d3_xi,d3_xii,d3_xiii,d3_xiv,d3_xv,d4,d5_i,d5_ii,d5_iii,d5_iv,d5_v,d5_vi,d5_vii,d5_viii,d5_ix,d5_x,d6,d7,d10,d12,d15,indicative,d8_i,d8_ii,d8_iii,d8_iv,d8_v,d8_vi,d8_vii,d8_viii
Al-Anbar,Al-Falluja,5.392156863,4.862745098,45.9129814,48.2731375,5.8138811,20.5882353,19.6078431,48.4303823,51.5696177,88.1578947,88.1578947,99.0196078,11.7647059,9.2105263,11.8421053,77.7777778,0,0,11.1111111,11.1111111,0,0,0,0,0,0,0,0,11.1111111,15.38461538,34.7826087,61.5384615,38.4615385,7.6923077,15.3846154,0,15.3846154,0,54.9019608,8.8235294,5.8823529,97.0588235,2.9411765,0,54.9019608,99.0196078,40.1960784,99.0196078,29.8245614,0,0,0,0,1.754386,0,1.754386,8.7719298,1.754386,0,48.0392157,30.3921569,5.8823529,1.9607843,1.9607843,1.9607843,100,100,8.8235294,94.1176471,84.3137255,93.1372549,68.627451,94.1176471,37.5,97.0588235,51.9607843,75.4901961,2.9411765,4.9019608,93.1372549,51.9607843,28.4313725,80.3921569,37.254902,7.8431373,31.372549,0,#N/A,#N/A,#N/A,#N/A,#N/A,#N/A,#N/A,#N/A,#N/A,#N/A,0,0,0,0,0,0,66.6666667,0,0,0,0,33.3333333,24.5098039,1.9607843,0,0,0,0,0,0,0,0,21.5686275,4.9019608,100,90.0990099,71.2328767,81.8181818,18.1818182,45.4545455,36.3636364,9.0909091,0,9.0909091,0,0,0,0,0,0,0,0,70.3296703,34.0659341,37.3626374,10.989011,10.989011,6.5934066,2.1978022,0,0,2.1978022,5.4945055,38.4615385,3.2967033,6.5934066,0,0,0,6.5934066,0,0,6.5934066,0,0,0,39.5604396,37.3626374,12.745098,0,83.3333333,44.1176471,55.8823529,66.6666667,37.254902,40.1960784,4.9019608,14.7058824,22.5490196,0,1.9607843,0,0,0,59.8039216,43.1372549,36.2745098,58.8235294,28.4313725,13.7254902,1.9607843,2.9411765,0,0,52.9411765,60.7843137,63.7254902,51.9607843,9.8039216,12.745098,6.8627451,1.9607843,1.9607843,1.9607843,0,0,0,0,0,11.7647059,33.3333333,100,0,0,0,58.3333333,16.6666667,0,0,0,66.6666667,16.6666667,8.3333333,83.3333333,36.2745098,0,NA,NA,NA,NA,NA,NA,NA,NA
Al-Anbar,Al-Ramadi,4.781914894,4.643617021,40.3761398,57.5094985,2.1143617,15.0537634,11.827957,49.5972644,50.4027356,79.1304348,80.8695652,90.4255319,11.7021277,5.2173913,19.1304348,54.1666667,8.3333333,16.6666667,4.1666667,16.6666667,0,0,0,0,0,4.1666667,0,4.1666667,0,7.920792079,22.9166667,35.2941176,35.2941176,29.4117647,11.7647059,5.8823529,35.2941176,0,60.106383,7.4468085,17.5531915,100,0,0,44.6808511,92.5531915,32.9787234,92.5531915,32.4786325,0.8547009,0.8547009,1.7094017,0,1.7094017,0,5.982906,11.1111111,4.2735043,0,53.1914894,34.0425532,10.6382979,0.5319149,0.5319149,14.893617,91.4893617,97.3404255,30.3191489,99.4680851,83.5106383,96.8085106,56.9148936,72.7272727,28.0821918,91.9786096,53.7234043,68.0851064,0,2.6595745,93.0851064,10.6382979,61.1702128,80.3191489,39.3617021,6.3829787,28.7234043,3.2085561,0,0,0,100,0,0,0,0,0,0,7.9787234,1.0695187,0,6.9148936,0,0,40,0,0,0,0.5434783,39.893617,23.9361702,2.1276596,0,0,0,0,0,0,0,0,23.4042553,1.5957447,100,94.5652174,61.6352201,76.9230769,38.4615385,23.0769231,30.7692308,7.6923077,15.3846154,0,0,0,0,0,0,0,0,0,41.7142857,21.1428571,21.7142857,9.1428571,10.2857143,10.8571429,3.4285714,2.8571429,0,16.5714286,14.8571429,42.2857143,3.4285714,15.4285714,0,2.2857143,0,7.4285714,1.7142857,5.1428571,6.2857143,0,0,0,42.8571429,21.7142857,9.5744681,2.8571429,74.6031746,40.4255319,42.0212766,66.4893617,45.7446809,40.9574468,9.0425532,17.5531915,23.4042553,1.0638298,4.2553191,0,0,0,72.3404255,48.9361702,40.4255319,51.0638298,18.6170213,14.893617,3.1914894,3.7234043,0,0,55.3191489,53.7234043,73.4042553,37.2340426,13.2978723,11.7021277,4.2553191,2.1276596,1.5957447,7.4468085,0,0,0,0,0,33.5106383,0,100,1.5873016,1.5873016,0,12.6984127,12.6984127,11.1111111,0,0,100,0,0,74.6031746,39.3617021,0,NA,NA,NA,NA,NA,NA,NA,NA
Al-Anbar,Al-Rutba,7.047619048,5.380952381,35.6993403,61.4414554,2.8592043,2.3809524,2.3809524,52.918041,47.081959,92.5925926,92.5925926,97.6190476,7.1428571,0,7.4074074,0,0,0,0,50,0,0,0,0,0,0,50,0,0,0,25,54.5454545,27.2727273,0,18.1818182,9.0909091,54.5454545,0,69.047619,28.5714286,16.6666667,90.4761905,9.5238095,0,92.8571429,100,57.1428571,100,39.2857143,3.5714286,0,0,0,0,0,0,3.5714286,3.5714286,3.5714286,52.3809524,59.5238095,7.1428571,4.7619048,2.3809524,4.7619048,100,88.0952381,33.3333333,100,71.4285714,100,41.4634146,100,47.5,76.1904762,76.1904762,78.5714286,16.6666667,2.3809524,100,0,57.1428571,83.3333333,42.8571429,9.5238095,40.4761905,0,#N/A,#N/A,#N/A,#N/A,#N/A,#N/A,#N/A,#N/A,#N/A,#N/A,2.3809524,0,0,2.3809524,0,0,33.3333333,0,0,0,2.6315789,23.8095238,23.8095238,0,0,0,0,0,0,0,0,0,9.5238095,7.1428571,100,66.6666667,50,100,42.8571429,21.4285714,7.1428571,0,0,0,0,0,0,0,0,0,0,0,37.037037,22.2222222,18.5185185,7.4074074,7.4074074,3.7037037,0,0,0,25.9259259,11.1111111,33.3333333,0,0,0,11.1111111,0,3.7037037,0,11.1111111,29.6296296,0,0,0,33.3333333,18.5185185,19.047619,5.8823529,100,59.5238095,28.5714286,57.1428571,42.8571429,54.7619048,0,19.047619,11.9047619,0,9.5238095,0,0,0,78.5714286,30.952381,23.8095238,45.2380952,21.4285714,26.1904762,2.3809524,9.5238095,0,0,45.2380952,33.3333333,64.2857143,50,2.3809524,23.8095238,14.2857143,0,0,23.8095238,0,0,0,0,0,7.1428571,0,100,0,0,0,0,0,0,0,0,100,0,0,100,23.8095238,1,NA,NA,NA,NA,NA,NA,NA,NA
Al-Anbar,Heet,5.345132743,4.566371681,34.7271386,60.3718921,4.9009692,6.3636364,5.4054054,49.6070375,50.3929625,94.9152542,96.6101695,100,13.2743363,8.4745763,3.3898305,100,0,0,0,0,0,0,0,0,0,0,0,0,0,10.76923077,6.25,33.3333333,33.3333333,0,0,33.3333333,0,33.3333333,38.9380531,13.2743363,3.539823,100,0,0,82.300885,98.2300885,72.5663717,98.2300885,47.1428571,0,0,0,1.4285714,0,0,10,18.5714286,2.8571429,0,74.3362832,41.5929204,6.1946903,0,0,20.3539823,100,99.1150442,17.699115,99.1150442,76.1061947,100,41.9642857,80,51.25,91.1504425,54.8672566,76.1061947,1.7699115,0,97.3451327,0,70.7964602,87.6106195,23.8938053,2.6548673,24.7787611,0,#N/A,#N/A,#N/A,#N/A,#N/A,#N/A,#N/A,#N/A,#N/A,#N/A,0,0,0,0,0,0,57.1428571,0,0,0,0,30.0884956,8.8495575,1.7699115,0,0,0,0,0,0,0,0,29.2035398,9.7345133,100,96.1165049,53.6842105,83.3333333,16.6666667,16.6666667,16.6666667,0,0,0,0,0,0,0,0,0,0,0,56.0747664,17.7570093,17.7570093,7.4766355,13.0841121,5.6074766,3.7383178,0.9345794,0,22.4299065,14.953271,43.9252336,4.6728972,13.0841121,0,0,0,12.1495327,0,3.7383178,13.0841121,0,0,0.9345794,43.9252336,17.7570093,0.8849558,1.7241379,#N/A,30.9734513,33.6283186,60.1769912,51.3274336,45.1327434,7.079646,24.7787611,35.3982301,2.6548673,0,0,0,0,72.5663717,47.7876106,57.5221239,39.8230088,18.5840708,20.3539823,3.539823,7.079646,0.8849558,0,64.6017699,64.6017699,53.0973451,41.5929204,15.0442478,15.0442478,6.1946903,5.3097345,0.8849558,8.8495575,0,0,0,0,0,0,#N/A,#N/A,#N/A,#N/A,#N/A,#N/A,#N/A,#N/A,#N/A,#N/A,#N/A,#N/A,#N/A,#N/A,39.8230088,0,NA,NA,NA,NA,NA,NA,NA,NA
Al-Basrah,Al-Basrah,5,4.703703704,29.5733793,69.1097483,1.3168724,12.962963,11.1111111,50.4875474,49.5124526,92.8571429,92.8571429,98.1481481,14.8148148,3.5714286,7.1428571,#N/A,#N/A,#N/A,#N/A,#N/A,#N/A,#N/A,#N/A,#N/A,#N/A,#N/A,#N/A,#N/A,#N/A,5,9.0909091,#N/A,#N/A,#N/A,#N/A,#N/A,#N/A,#N/A,59.2592593,42.5925926,9.2592593,100,0,0,100,100,87.037037,100,40,0,0,0,0,0,0,2.8571429,17.1428571,0,0,59.2592593,42.5925926,5.5555556,0,0,11.1111111,100,98.1481481,0,100,79.6296296,100,18.5185185,33.3333333,33.3333333,90.7407407,44.4444444,51.8518519,0,0,98.1481481,0,88.8888889,79.6296296,1.8518519,14.8148148,42.5925926,0,#N/A,#N/A,#N/A,#N/A,#N/A,#N/A,#N/A,#N/A,#N/A,#N/A,0,0,0,0,0,0,100,0,0,0,0,38.8888889,29.6296296,1.8518519,0,0,0,0,0,0,0,0,25.9259259,0,100,86.8421053,69.6969697,60,20,30,20,20,10,0,0,10,0,0,0,0,10,0,61.9047619,4.7619048,4.7619048,2.3809524,2.3809524,2.3809524,0,2.3809524,2.3809524,28.5714286,21.4285714,35.7142857,7.1428571,21.4285714,0,11.9047619,0,9.5238095,2.3809524,4.7619048,21.4285714,0,0,0,35.7142857,4.7619048,5.5555556,0,100,33.3333333,24.0740741,64.8148148,44.4444444,42.5925926,20.3703704,22.2222222,31.4814815,0,3.7037037,0,0,0,62.962963,42.5925926,37.037037,37.037037,40.7407407,16.6666667,1.8518519,0,0,0,55.5555556,72.2222222,66.6666667,33.3333333,12.962963,16.6666667,1.8518519,1.8518519,0,0,0,0,0,0,0,29.6296296,25,93.75,0,0,0,68.75,0,43.75,0,0,100,0,0,100,40.7407407,1,NA,NA,NA,NA,NA,NA,NA,NA
Al-Najaf,Al-Kufa,4.898305085,4.762711864,26.9636437,69.9148874,3.1214689,15.2542373,11.8644068,50.5943209,49.4056791,85.7142857,89.2857143,98.3050847,13.559322,17.8571429,10.7142857,25,0,0,0,25,0,0,0,0,50,0,25,0,50,10.86956522,6.6666667,75,0,50,50,0,0,0,50.8474576,35.5932203,6.779661,100,0,0,91.5254237,100,83.0508475,100,42.5,0,0,0,0,2.5,0,12.5,25,7.5,0,69.4915254,47.4576271,16.9491525,0,0,23.7288136,91.5254237,98.3050847,33.8983051,100,77.9661017,100,32.2033898,57.1428571,40,86.440678,52.5423729,61.0169492,6.779661,0,100,0,86.440678,66.1016949,11.8644068,1.6949153,22.0338983,1.7241379,#N/A,#N/A,#N/A,#N/A,#N/A,#N/A,#N/A,#N/A,#N/A,#N/A,5.7692308,0,1.8518519,0,0,0,60,0,0,0,0,27.1186441,13.559322,1.6949153,0,0,0,0,0,0,0,0,25.4237288,0,100,97.9591837,75,#N/A,#N/A,#N/A,#N/A,#N/A,#N/A,#N/A,#N/A,#N/A,#N/A,#N/A,#N/A,#N/A,#N/A,#N/A,48.0769231,17.3076923,7.6923077,9.6153846,1.9230769,3.8461538,0,0,0,17.3076923,23.0769231,26.9230769,11.5384615,17.3076923,0,1.9230769,5.7692308,5.7692308,17.3076923,9.6153846,19.2307692,0,0,0,34.6153846,7.6923077,18.6440678,8.6956522,78.5714286,22.0338983,33.8983051,69.4915254,30.5084746,33.8983051,5.0847458,30.5084746,35.5932203,3.3898305,3.3898305,3.3898305,0,0,57.6271186,55.9322034,40.6779661,35.5932203,25.4237288,16.9491525,11.8644068,6.779661,1.6949153,1.6949153,57.6271186,62.7118644,55.9322034,37.2881356,13.559322,13.559322,6.779661,0,0,11.8644068,3.3898305,0,0,0,0,23.7288136,57.1428571,100,0,0,0,21.4285714,0,0,0,0,100,0,0,78.5714286,25.4237288,1,NA,NA,NA,NA,NA,NA,NA,NA
Al-Najaf,Al-Najaf,6.294117647,5.235294118,34.9522536,63.3467023,1.7010441,11.7647059,9.8039216,48.9373426,51.0626574,89.6551724,89.6551724,100,17.6470588,0,10.3448276,0,33.3333333,33.3333333,0,0,0,0,0,0,66.6666667,0,33.3333333,0,33.3333333,0,7.1428571,66.6666667,33.3333333,0,33.3333333,33.3333333,0,0,60.7843137,25.4901961,19.6078431,90.1960784,9.8039216,0,100,100,84.3137255,100,37.8378378,0,0,0,0,0,0,18.9189189,8.1081081,8.1081081,0,70.5882353,45.0980392,7.8431373,0,0,13.7254902,92.1568627,94.1176471,31.372549,100,94.1176471,96.0784314,39.2156863,60,48.8888889,86.2745098,58.8235294,66.6666667,5.8823529,1.9607843,100,17.6470588,56.8627451,88.2352941,37.254902,1.9607843,15.6862745,0,#N/A,#N/A,#N/A,#N/A,#N/A,#N/A,#N/A,#N/A,#N/A,#N/A,0,0,0,0,0,0,25,0,0,0,0,56.8627451,47.0588235,1.9607843,0,0,0,0,0,0,0,0,29.4117647,1.9607843,100,81.8181818,79.4117647,100,62.5,0,0,0,0,75,0,0,0,0,0,0,0,0,46.3414634,21.9512195,19.5121951,7.3170732,2.4390244,2.4390244,0,0,0,19.5121951,41.4634146,43.902439,14.6341463,21.9512195,0,0,0,4.8780488,2.4390244,2.4390244,14.6341463,0,0,0,48.7804878,19.5121951,23.5294118,0,69.2307692,27.4509804,39.2156863,78.4313725,23.5294118,17.6470588,3.9215686,43.1372549,50.9803922,1.9607843,1.9607843,0,0,0,72.5490196,64.7058824,45.0980392,35.2941176,13.7254902,7.8431373,7.8431373,3.9215686,0,0,58.8235294,58.8235294,66.6666667,43.1372549,5.8823529,7.8431373,3.9215686,0,0,13.7254902,0,0,0,0,0,25.4901961,15.3846154,100,0,0,0,23.0769231,0,0,0,0,100,0,0,69.2307692,49.0196078,1,NA,NA,NA,NA,NA,NA,NA,NA
Al-Qadissiya,Al-Diwaniya,5.366666667,5.283333333,40.6593915,54.7414021,4.5992063,6.6666667,5,51.8214286,48.1785714,92.3076923,92.3076923,95,15,10.2564103,7.6923077,33.3333333,0,66.6666667,0,0,0,0,0,0,33.3333333,0,0,0,0,13.88888889,#N/A,72.7272727,9.0909091,0,0,72.7272727,0,9.0909091,26.6666667,5,5,98.3333333,1.6666667,0,70,96.6666667,68.3333333,96.6666667,60.8695652,2.173913,0,0,0,13.0434783,0,45.6521739,6.5217391,2.173913,0,76.6666667,35,10,1.6666667,5,0,98.3333333,95,68.3333333,91.6666667,90,96.6666667,21.6666667,33.3333333,23.2142857,86.6666667,40,40,13.3333333,1.6666667,93.3333333,3.3333333,81.6666667,33.3333333,0,5,36.6666667,6.6666667,50,0,0,0,50,0,0,0,0,0,43.3333333,11.8644068,35,0,33.3333333,0,66.6666667,0,0,0,0,81.6666667,80,0,0,0,0,0,0,0,0,0,21.6666667,13.3333333,100,98,87.755102,#N/A,#N/A,#N/A,#N/A,#N/A,#N/A,#N/A,#N/A,#N/A,#N/A,#N/A,#N/A,#N/A,#N/A,#N/A,0,0,0,3.3898305,0,0,0,0,0,18.6440678,27.1186441,45.7627119,1.6949153,10.1694915,5.0847458,3.3898305,1.6949153,13.559322,0,32.2033898,69.4915254,0,0,0,47.4576271,0,11.6666667,0,0,0,18.3333333,80,15,18.3333333,5,28.3333333,68.3333333,0,18.3333333,0,0,8.3333333,81.6666667,30,23.3333333,31.6666667,3.3333333,8.3333333,21.6666667,31.6666667,0,0,45,43.3333333,51.6666667,50,5,18.3333333,30,5,0,5,0,0,0,0,0,8.3333333,20,80,0,0,0,0,0,20,0,0,40,40,60,0,10,1,NA,NA,NA,NA,NA,NA,NA,NA
Al-Sulaymaniyah,Al-Sulaymaniyah,5.604651163,5.593023256,42.0618142,53.6824222,4.2557636,8.5365854,8.5365854,50.1447616,49.8552384,69.4915254,69.4915254,63.9534884,17.4418605,1.6949153,30.5084746,11.1111111,0,50,0,22.2222222,0,0,0,0,5.5555556,0,5.5555556,0,11.1111111,6.12244898,25,90,10,0,30,0,0,10,93.0232558,58.1395349,16.2790698,90.6976744,8.1395349,1.1627907,93.0232558,96.5116279,11.627907,96.5116279,70.4545455,4.5454545,0,6.8181818,20.4545455,2.2727273,0,6.8181818,0,0,2.2727273,40.6976744,45.3488372,11.627907,3.4883721,17.4418605,3.4883721,100,79.0697674,19.7674419,97.6744186,95.3488372,82.5581395,79.0697674,100,70.2702703,54.1176471,36.0465116,61.627907,47.6744186,3.4883721,91.8604651,4.6511628,90.6976744,100,5.8139535,12.0481928,38.372093,0,#N/A,#N/A,#N/A,#N/A,#N/A,#N/A,#N/A,#N/A,#N/A,#N/A,0,0,0,0,0,0,20,0,0,0,0,19.7674419,15.1162791,0,0,0,0,0,0,0,0,0,17.4418605,3.4883721,100,98.3870968,61.8181818,100,0,100,0,100,0,0,0,0,0,0,0,0,0,0,47.5609756,35.3658537,4.8780488,13.4146341,24.3902439,0,0,2.4390244,0,0,53.6585366,40.2439024,0,3.6585366,0,1.2195122,1.2195122,0,0,0,1.2195122,0,7.3170732,0,40.2439024,4.8780488,13.9534884,0,52.173913,81.3953488,24.4186047,74.4186047,3.4883721,6.9767442,2.3255814,5.8139535,30.2325581,1.1627907,17.4418605,0,0,6.9767442,87.2093023,63.9534884,36.0465116,6.9767442,5.8139535,1.1627907,0,20.9302326,0,0,51.1627907,50,48.8372093,63.9534884,8.1395349,15.1162791,6.9767442,0,0,1.1627907,0,0,0,0,1.1627907,26.744186,8.6956522,86.9565217,0,0,0,0,26.0869565,26.0869565,0,0,26.0869565,65.2173913,5.8823529,57.1428571,6.9767442,1,NA,NA,NA,NA,NA,NA,NA,NA
Al-Sulaymaniyah,Chamchamal,5.8,5.75,47.2572751,50.7242063,2.0185185,14.2857143,16.0714286,47.6269841,52.3730159,60.4651163,60.4651163,66.6666667,30,2.3255814,39.5348837,29.4117647,5.8823529,47.0588235,0,5.8823529,0,0,0,23.5294118,0,0,5.8823529,0,11.7647059,13.33333333,11.1111111,88.8888889,0,0,22.2222222,0,11.1111111,0,76.6666667,38.3333333,18.3333333,93.3333333,6.6666667,0,86.6666667,95,26.6666667,90,56.5217391,4.3478261,0,8.6956522,8.6956522,0,0,8.6956522,4.3478261,0,0,56.6666667,55,8.3333333,5,8.3333333,1.6666667,100,75,20,100,93.3333333,91.6666667,93.3333333,100,60.3773585,55,23.3333333,45,26.6666667,0,90,3.3333333,93.3333333,96.6666667,1.6666667,10.1694915,75,0,#N/A,#N/A,#N/A,#N/A,#N/A,#N/A,#N/A,#N/A,#N/A,#N/A,1.6949153,0,0,0,1.6666667,0,0,0,0,0,0,10,10,0,0,0,0,0,0,0,0,0,11.6666667,6.6666667,100,100,60.4166667,#N/A,#N/A,#N/A,#N/A,#N/A,#N/A,#N/A,#N/A,#N/A,#N/A,#N/A,#N/A,#N/A,#N/A,#N/A,72.4137931,25.862069,6.8965517,12.0689655,8.6206897,1.7241379,0,0,0,0,41.3793103,41.3793103,5.1724138,10.3448276,1.7241379,1.7241379,0,0,0,0,0,0,0,0,41.3793103,6.8965517,10,#N/A,37.5,90,40,78.3333333,1.6666667,8.3333333,5,0,15,1.6666667,13.3333333,1.6666667,0,5,91.6666667,51.6666667,30,13.3333333,16.6666667,3.3333333,0,8.3333333,0,0,60,41.6666667,31.6666667,70,16.6666667,13.3333333,8.3333333,0,0,0,0,0,0,0,0,13.3333333,12.5,87.5,0,0,0,0,12.5,0,0,0,37.5,57.1428571,0,37.5,3.3333333,1,NA,NA,NA,NA,NA,NA,NA,NA
Al-Sulaymaniyah,Derbendikhan,5.426229508,5.491803279,49.7066094,43.3899297,6.9034608,16.9491525,13.559322,53.2721832,46.7278168,78.2608696,78.2608696,59.0163934,21.3114754,0,21.7391304,0,0,60,0,10,0,0,0,10,0,10,10,0,20,3.333333333,7.1428571,100,40,20,0,0,0,0,88.5245902,63.9344262,13.1147541,96.7213115,3.2786885,0,100,100,19.6721311,100,73.3333333,0,0,16.6666667,20,3.3333333,0,6.6666667,3.3333333,0,0,50.8196721,49.1803279,16.3934426,8.1967213,22.9508197,8.1967213,100,77.0491803,47.5409836,100,90.1639344,86.8852459,85.2459016,75,51.9230769,75,37.704918,62.295082,49.1803279,1.6393443,100,0,91.8032787,95.0819672,1.6393443,8.1967213,77.0491803,0,#N/A,#N/A,#N/A,#N/A,#N/A,#N/A,#N/A,#N/A,#N/A,#N/A,0,0,0,0,0,0,60,0,0,0,0,6.557377,6.557377,0,0,0,0,0,0,0,0,0,26.2295082,4.9180328,100,100,69.7674419,#N/A,#N/A,#N/A,#N/A,#N/A,#N/A,#N/A,#N/A,#N/A,#N/A,#N/A,#N/A,#N/A,#N/A,#N/A,53.4482759,13.7931034,1.7241379,22.4137931,8.6206897,0,0,0,0,5.1724138,70.6896552,53.4482759,3.4482759,8.6206897,0,0,0,0,0,0,1.7241379,0,1.7241379,0,56.8965517,1.7241379,4.9180328,0,30,83.6065574,40.9836066,73.7704918,0,4.9180328,4.9180328,4.9180328,9.8360656,0,16.3934426,0,0,6.557377,100,67.2131148,40.9836066,8.1967213,11.4754098,0,0,0,0,0,47.5409836,63.9344262,32.7868852,88.5245902,16.3934426,6.557377,0,0,0,0,0,0,0,0,0,16.3934426,0,100,0,0,0,0,0,0,0,10,50,44.4444444,0,30,1.6393443,1,NA,NA,NA,NA,NA,NA,NA,NA
Al-Sulaymaniyah,Dokan,5.6,5.6,45.3736772,50.8544372,3.7718855,8.3333333,13.3333333,45.5363155,54.4636845,67.5,67.5,65,18.3333333,0,32.5,0,0,61.5384615,7.6923077,7.6923077,0,0,0,7.6923077,0,7.6923077,0,0,23.0769231,0,6.6666667,100,0,0,0,50,12.5,0,88.3333333,63.3333333,20,98.3333333,1.6666667,0,96.6666667,98.3333333,18.3333333,98.3333333,84.2105263,5.2631579,0,0,36.8421053,5.2631579,0,5.2631579,5.2631579,0,0,31.6666667,41.6666667,5,1.6666667,13.3333333,6.6666667,100,91.6666667,23.3333333,100,91.6666667,88.3333333,91.6666667,100,50.9803922,83.3333333,35,71.6666667,51.6666667,3.3333333,88.3333333,5,93.3333333,98.3333333,1.6666667,5.0847458,91.6666667,1.8181818,#N/A,#N/A,#N/A,#N/A,#N/A,#N/A,#N/A,#N/A,#N/A,#N/A,0,0,0,0,0,0,66.6666667,0,0,0,0,13.3333333,13.3333333,0,0,0,0,0,0,0,0,0,8.3333333,3.3333333,100,100,63.1578947,#N/A,#N/A,#N/A,#N/A,#N/A,#N/A,#N/A,#N/A,#N/A,#N/A,#N/A,#N/A,#N/A,#N/A,#N/A,55,41.6666667,3.3333333,18.3333333,3.3333333,0,0,0,0,0,55,58.3333333,6.6666667,8.3333333,0,0,0,6.6666667,0,0,0,0,0,0,61.6666667,3.3333333,1.6666667,0,36.3636364,81.6666667,26.6666667,76.6666667,1.6666667,1.6666667,0,0,28.3333333,0,18.3333333,0,0,11.6666667,78.3333333,63.3333333,53.3333333,11.6666667,20,5,0,3.3333333,0,0,26.6666667,65,60,86.6666667,13.3333333,5,1.6666667,0,0,0,0,0,0,0,0,18.3333333,9.0909091,90.9090909,0,0,0,0,0,9.0909091,0,0,18.1818182,80,0,40,5,1,NA,NA,NA,NA,NA,NA,NA,NA
Al-Sulaymaniyah,Halabcha,6.590163934,6.557377049,52.9587444,45.9620207,1.079235,5.2631579,1.754386,49.6076396,50.3923604,66.6666667,70.5882353,77.0491803,36.0655738,1.9607843,29.4117647,5.8823529,0,41.1764706,0,29.4117647,0,0,0,5.8823529,0,5.8823529,0,0,17.6470588,6.666666667,18.1818182,100,20,0,0,40,20,0,80.3278689,42.6229508,9.8360656,96.7213115,3.2786885,0,96.7213115,98.3606557,24.5901639,96.7213115,63.3333333,3.3333333,0,3.3333333,13.3333333,0,0,0,0,0,0,55.7377049,63.9344262,9.8360656,1.6393443,16.3934426,1.6393443,100,80.3278689,21.3114754,100,78.6885246,90.1639344,91.8032787,#N/A,48.2758621,68.3333333,32.7868852,60.6557377,37.704918,0,98.3606557,0,88.5245902,98.3606557,4.9180328,26.2295082,86.8852459,0,#N/A,#N/A,#N/A,#N/A,#N/A,#N/A,#N/A,#N/A,#N/A,#N/A,0,0,0,0,0,0,16.6666667,0,0,0,0,11.4754098,6.557377,0,0,0,0,0,0,0,0,0,11.4754098,6.557377,100,100,71.1111111,#N/A,#N/A,#N/A,#N/A,#N/A,#N/A,#N/A,#N/A,#N/A,#N/A,#N/A,#N/A,#N/A,#N/A,#N/A,60,30,3.3333333,10,6.6666667,0,0,0,1.6666667,6.6666667,51.6666667,60,10,6.6666667,0,0,0,1.6666667,0,0,0,0,0,0,61.6666667,3.3333333,0,0,60,93.442623,52.4590164,81.9672131,0,0,0,0,6.557377,0,16.3934426,0,0,4.9180328,70.4918033,62.295082,44.2622951,22.9508197,26.2295082,11.4754098,0,1.6393443,0,0,44.2622951,42.6229508,37.704918,81.9672131,26.2295082,22.9508197,6.557377,1.6393443,0,0,0,0,0,0,0,16.3934426,0,100,0,0,0,0,0,30,0,0,60,40,0,60,3.2786885,1,NA,NA,NA,NA,NA,NA,NA,NA
Al-Sulaymaniyah,Kalar,5.133333333,5.133333333,38.0128205,55.2200855,6.767094,10,10,54.087149,45.912851,73.1707317,73.1707317,78.3333333,15,2.4390244,26.8292683,0,18.1818182,54.5454545,9.0909091,18.1818182,0,0,0,18.1818182,0,0,0,0,9.0909091,2.5,7.1428571,100,14.2857143,14.2857143,14.2857143,42.8571429,14.2857143,0,81.6666667,43.3333333,11.6666667,100,0,0,95,100,31.6666667,100,72,4,0,16,24,4,0,0,0,0,0,41.6666667,46.6666667,6.6666667,0,15,3.3333333,100,88.3333333,21.6666667,100,83.3333333,90,61.6666667,60,36.9565217,57.6271186,36.6666667,56.6666667,33.3333333,1.6666667,98.3333333,0,91.6666667,95,3.3333333,8.3333333,61.6666667,1.7857143,#N/A,#N/A,#N/A,#N/A,#N/A,#N/A,#N/A,#N/A,#N/A,#N/A,0,0,0,0,0,0,100,0,0,0,0,16.6666667,13.3333333,0,0,0,0,0,0,0,0,0,8.3333333,8.3333333,100,100,50,#N/A,#N/A,#N/A,#N/A,#N/A,#N/A,#N/A,#N/A,#N/A,#N/A,#N/A,#N/A,#N/A,#N/A,#N/A,59.3220339,13.559322,0,13.559322,1.6949153,0,0,0,0,1.6949153,50.8474576,49.1525424,10.1694915,6.779661,0,1.6949153,0,3.3898305,0,0,3.3898305,0,6.779661,0,54.2372881,0,1.6666667,0,25,75,30,68.3333333,0,0,0,1.6666667,6.6666667,1.6666667,20,0,0,18.3333333,80,48.3333333,40,16.6666667,18.3333333,6.6666667,0,0,0,0,53.3333333,48.3333333,35,80,20,10,1.6666667,0,0,0,0,0,0,0,0,6.6666667,0,100,0,0,0,0,0,25,0,0,75,25,0,25,3.3333333,1,NA,NA,NA,NA,NA,NA,NA,NA
Al-Sulaymaniyah,Rania,5.393442623,5.360655738,43.0236794,52.9579755,4.018345,1.6393443,3.2786885,53.7379651,46.2620349,53.8461538,53.8461538,72.1311475,27.8688525,2.5641026,46.1538462,0,0,27.7777778,0,16.6666667,0,0,0,33.3333333,0,0,5.5555556,0,22.2222222,3.571428571,18.75,100,0,0,0,0,0,0,85.2459016,52.4590164,19.6721311,96.7213115,3.2786885,0,95.0819672,100,26.2295082,98.3606557,89.1891892,2.7027027,0,2.7027027,40.5405405,16.2162162,0,2.7027027,5.4054054,0,0,34.4262295,45.9016393,8.1967213,3.2786885,13.1147541,0,100,98.3606557,11.4754098,100,80.3278689,93.442623,91.8032787,#N/A,43.8596491,55.7377049,37.704918,67.2131148,42.6229508,4.9180328,96.7213115,1.6393443,93.442623,98.3606557,1.6393443,14.7540984,77.0491803,0,#N/A,#N/A,#N/A,#N/A,#N/A,#N/A,#N/A,#N/A,#N/A,#N/A,0,0,0,0,0,0,60,0,0,0,0,11.4754098,8.1967213,0,0,0,0,0,0,0,0,0,6.557377,3.2786885,100,100,55.5555556,#N/A,#N/A,#N/A,#N/A,#N/A,#N/A,#N/A,#N/A,#N/A,#N/A,#N/A,#N/A,#N/A,#N/A,#N/A,65.5737705,1.6393443,0,3.2786885,3.2786885,0,0,1.6393443,0,3.2786885,60.6557377,55.7377049,21.3114754,11.4754098,0,1.6393443,0,3.2786885,0,0,8.1967213,0,0,0,60.6557377,0,0,0,#N/A,91.8032787,37.704918,91.8032787,0,1.6393443,0,0,4.9180328,0,32.7868852,0,0,6.557377,72.1311475,68.852459,60.6557377,27.8688525,8.1967213,1.6393443,0,0,0,0,63.9344262,62.295082,26.2295082,90.1639344,22.9508197,4.9180328,1.6393443,0,0,0,0,0,0,0,0,1.6393443,#N/A,#N/A,#N/A,#N/A,#N/A,#N/A,#N/A,#N/A,#N/A,#N/A,#N/A,#N/A,#N/A,#N/A,0,1,NA,NA,NA,NA,NA,NA,NA,NA
Babil,Al-Mussyab,6.183333333,5.166666667,32.2251082,64.270202,3.5046898,10.1694915,8.3333333,46.9493146,53.0506854,92.3076923,92.3076923,98.3333333,16.6666667,0,7.6923077,33.3333333,0,0,0,33.3333333,0,0,0,0,0,33.3333333,0,0,0,0,0,100,33.3333333,0,33.3333333,0,33.3333333,0,60,28.3333333,21.6666667,96.6666667,3.3333333,0,98.3333333,100,70,100,36.5853659,0,2.4390244,0,0,2.4390244,0,31.7073171,21.9512195,4.8780488,2.4390244,61.6666667,48.3333333,6.6666667,1.6666667,1.6666667,18.3333333,100,98.3333333,26.6666667,100,90,100,38.3333333,50,48.2142857,78.3333333,50,55,5,0,98.3333333,10,63.3333333,80,28.3333333,10,11.6666667,0,#N/A,#N/A,#N/A,#N/A,#N/A,#N/A,#N/A,#N/A,#N/A,#N/A,1.7241379,0,0,0,0,0,50,0,0,0,0,53.3333333,41.6666667,0,1.6949153,0,0,0,1.6949153,0,0,0,18.3333333,1.6666667,100,80,90.625,100,28.5714286,7.1428571,0,7.1428571,0,64.2857143,0,0,0,0,0,0,0,0,72.7272727,34.0909091,38.6363636,27.2727273,13.6363636,0,0,0,0,6.8181818,11.3636364,13.6363636,9.0909091,9.0909091,0,6.8181818,0,4.5454545,2.2727273,0,15.9090909,0,0,0,18.1818182,38.6363636,28.3333333,2.9411765,72.7272727,56.6666667,18.3333333,71.6666667,21.6666667,21.6666667,13.3333333,36.6666667,41.6666667,1.6666667,0,0,0,0,68.3333333,26.6666667,33.3333333,61.6666667,25,10,3.3333333,16.6666667,0,0,68.3333333,53.3333333,78.3333333,30,1.6666667,6.6666667,6.6666667,0,0,18.3333333,8.3333333,0,0,0,0,18.3333333,45.4545455,100,9.0909091,0,0,0,0,0,0,0,100,0,0,72.7272727,53.3333333,1,NA,NA,NA,NA,NA,NA,NA,NA
Baghdad,Al-Adhamiya,6.173469388,5.357142857,39.8420797,58.931001,1.2269193,8.2474227,11.3402062,51.5958786,48.4041214,79.6875,81.25,97.9591837,19.3877551,3.125,18.75,0,0,30.7692308,15.3846154,15.3846154,0,0,0,0,46.1538462,0,30.7692308,0,15.3846154,14.51612903,17.3913043,100,0,0,12.5,0,25,0,40.8163265,17.3469388,13.2653061,89.7959184,10.2040816,0,96.9387755,100,84.6938776,100,31.0344828,0,0,0,0,0,0,22.4137931,17.2413793,3.4482759,0,66.3265306,35.7142857,7.1428571,0,0,5.1020408,98.9795918,98.9795918,15.3061224,100,89.7959184,97.9591837,30.6122449,42.8571429,61.4457831,68.3673469,48.9795918,56.122449,7.1428571,1.0204082,98.9795918,1.0204082,72.4489796,73.4693878,26.5306122,6.122449,18.3673469,0,#N/A,#N/A,#N/A,#N/A,#N/A,#N/A,#N/A,#N/A,#N/A,#N/A,2.0833333,0,1.0204082,0,1.0204082,0,42.8571429,0,0,0,0,53.0612245,33.6734694,0,1.0204082,0,0,0,0,0,0,0,29.5918367,3.0612245,100,82.8947368,73.7704918,82.3529412,11.7647059,23.5294118,35.2941176,0,0,52.9411765,0,0,0,0,0,0,0,0,34.2465753,17.8082192,26.0273973,2.739726,8.2191781,2.739726,0,0,0,27.3972603,26.0273973,32.8767123,8.2191781,15.0684932,1.369863,1.369863,0,2.739726,9.5890411,6.8493151,16.4383562,0,4.109589,0,35.6164384,26.0273973,19.3877551,0,79.1666667,43.877551,24.4897959,66.3265306,14.2857143,24.4897959,9.1836735,37.755102,33.6734694,0,4.0816327,0,1.0204082,10.2040816,72.4489796,44.8979592,40.8163265,53.0612245,24.4897959,7.1428571,4.0816327,13.2653061,0,0,42.8571429,57.1428571,68.3673469,55.1020408,5.1020408,18.3673469,5.1020408,1.0204082,1.0204082,8.1632653,4.0816327,0,0,0,0,24.4897959,25,95.8333333,0,0,0,12.5,8.3333333,0,0,0,100,0,4.3478261,82.6086957,37.755102,1,NA,NA,NA,NA,NA,NA,NA,NA
Baghdad,Al-Kadhmiyah,5.448275862,5.206896552,40.1620283,56.0700251,3.7679466,16.6666667,15.3846154,49.8358315,50.1641685,81.6666667,81.6666667,91.954023,6.8965517,1.6666667,18.3333333,18.1818182,0,9.0909091,0,9.0909091,0,0,0,0,9.0909091,36.3636364,18.1818182,0,0,3.773584906,12,92.8571429,28.5714286,14.2857143,0,78.5714286,7.1428571,0,79.3103448,25.2873563,14.9425287,87.3563218,12.6436782,0,86.2068966,98.8505747,39.0804598,98.8505747,33.9285714,0,0,0,0,7.1428571,0,25,10.7142857,3.5714286,0,19.5402299,35.6321839,8.045977,4.5977011,8.045977,6.8965517,91.954023,97.7011494,63.2183908,100,78.1609195,91.954023,72.4137931,75,64.8648649,80.4597701,43.6781609,68.9655172,29.8850575,0,98.8505747,9.1954023,42.5287356,93.1034483,21.8390805,7.3170732,42.5287356,0,#N/A,#N/A,#N/A,#N/A,#N/A,#N/A,#N/A,#N/A,#N/A,#N/A,1.2195122,1.1627907,1.1904762,0,1.1764706,0,85.7142857,2.2988506,1.1494253,1.1494253,2.3809524,8.045977,6.8965517,1.1494253,0,0,0,0,0,0,0,0,27.5862069,3.4482759,100,84.7457627,80.4347826,50,16.6666667,33.3333333,16.6666667,0,8.3333333,41.6666667,0,0,0,0,0,0,0,0,19.047619,0,3.1746032,1.5873016,1.5873016,0,0,0,0,33.3333333,41.2698413,53.968254,0,23.8095238,0,1.5873016,1.5873016,6.3492063,1.5873016,4.7619048,31.7460317,0,0,0,53.968254,3.1746032,25.2873563,7.1428571,25,56.3218391,35.6321839,34.4827586,16.091954,31.0344828,2.2988506,31.0344828,31.0344828,8.045977,1.1494253,0,0,4.5977011,49.4252874,29.8850575,10.3448276,44.8275862,22.9885057,29.8850575,1.1494253,13.7931034,9.1954023,6.8965517,29.8850575,43.6781609,48.2758621,65.5172414,36.7816092,22.9885057,1.1494253,0,0,8.045977,3.4482759,0,0,0,0,4.5977011,0,100,0,0,0,0,0,0,0,0,100,0,0,25,43.6781609,1,NA,NA,NA,NA,NA,NA,NA,NA
Baghdad,Al-Karkh,5.567901235,5.407407407,39.9710785,56.3785287,3.6503928,16.25,15,46.6927696,53.3072304,84,84,100,12.345679,2,16,25,0,37.5,12.5,0,12.5,0,0,0,25,12.5,25,0,12.5,6.25,19.047619,62.5,37.5,37.5,0,12.5,37.5,0,62.962963,28.3950617,9.8765432,95.0617284,4.9382716,0,93.8271605,98.7654321,86.4197531,98.7654321,41.1764706,0,0,0,1.9607843,3.9215686,1.9607843,17.6470588,15.6862745,1.9607843,0,72.8395062,34.5679012,7.4074074,0,1.2345679,18.5185185,93.8271605,97.5308642,28.3950617,100,80.2469136,97.5308642,46.25,88.8888889,53.4246575,85.1851852,69.1358025,77.7777778,11.1111111,0,100,8.6419753,70.3703704,72.8395062,18.5185185,12.345679,27.1604938,1.2658228,#N/A,#N/A,#N/A,#N/A,#N/A,#N/A,#N/A,#N/A,#N/A,#N/A,5.0632911,0,2.4691358,0,0,0,66.6666667,0,0,0,1.2987013,27.1604938,18.5185185,0,3.7037037,2.5,1.2345679,0,1.25,0,1.25,0,22.2222222,3.7037037,100,91.6666667,73.4375,100,22.2222222,22.2222222,33.3333333,11.1111111,0,11.1111111,0,0,11.1111111,0,0,0,0,0,39.7058824,10.2941176,17.6470588,4.4117647,11.7647059,2.9411765,2.9411765,0,0,19.1176471,20.5882353,36.7647059,10.2941176,8.8235294,0,1.4705882,0,2.9411765,1.4705882,2.9411765,8.8235294,0,1.4705882,1.4705882,42.6470588,17.6470588,14.8148148,2.9411765,85.7142857,38.2716049,37.037037,60.4938272,28.3950617,24.691358,9.8765432,29.6296296,35.8024691,3.7037037,9.8765432,2.4691358,0,0,56.7901235,60.4938272,37.037037,35.8024691,38.2716049,9.8765432,7.4074074,4.9382716,1.2345679,1.2345679,49.382716,60.4938272,69.1358025,33.3333333,16.0493827,17.2839506,13.5802469,3.7037037,3.7037037,4.9382716,2.4691358,0,0,0,0,17.2839506,21.4285714,100,0,0,0,14.2857143,0,0,0,0,100,0,0,92.3076923,33.3333333,1,NA,NA,NA,NA,NA,NA,NA,NA
Baghdad,Al-Mahmoudiya,5.47706422,5.036697248,39.150648,58.6475171,2.2018349,11.9266055,11.0091743,48.1891656,51.8108344,92.5373134,92.5373134,99.0825688,12.8440367,1.4925373,7.4626866,40,0,40,20,0,20,0,0,0,0,0,20,0,0,6.060606061,15.7894737,42.8571429,0,14.2857143,57.1428571,14.2857143,28.5714286,0,55.9633028,21.1009174,16.5137615,88.0733945,11.9266055,0,91.7431193,100,75.2293578,100,33.8461538,0,0,0,0,10.7692308,0,20,9.2307692,1.5384615,0,56.8807339,33.9449541,8.2568807,0.9174312,0,20.1834862,93.5779817,99.0825688,28.440367,100,77.9816514,99.0825688,35.7798165,66.6666667,44.4444444,81.6513761,63.3027523,62.3853211,8.2568807,0,100,11.0091743,60.5504587,69.7247706,24.7706422,16.5137615,35.7798165,0.9433962,#N/A,#N/A,#N/A,#N/A,#N/A,#N/A,#N/A,#N/A,#N/A,#N/A,0,0,0,0,0,0,44.4444444,0,0,0,0,27.5229358,21.1009174,1.8348624,0.9174312,0.9174312,0,0,0,0,0,0,29.3577982,1.8348624,100,89.5348837,63.5135135,64.2857143,42.8571429,7.1428571,42.8571429,0,0,21.4285714,0,0,0,0,0,0,0,0,46.3157895,27.3684211,18.9473684,14.7368421,6.3157895,2.1052632,0,2.1052632,0,8.4210526,13.6842105,14.7368421,9.4736842,2.1052632,1.0526316,3.1578947,0,5.2631579,4.2105263,5.2631579,22.1052632,0,2.1052632,0,20,18.9473684,17.4311927,3.4482759,70.8333333,37.6146789,28.440367,58.7155963,26.6055046,24.7706422,7.3394495,26.6055046,33.0275229,3.6697248,11.0091743,0,0.9174312,7.3394495,46.7889908,37.6146789,39.4495413,55.9633028,30.2752294,11.9266055,11.0091743,9.1743119,0.9174312,0,44.0366972,55.9633028,65.1376147,31.1926606,9.1743119,17.4311927,12.8440367,0.9174312,3.6697248,10.0917431,3.6697248,0,0,0,0,22.0183486,33.3333333,100,0,4.1666667,0,20.8333333,0,8.3333333,0,0,100,0,0,77.2727273,28.440367,1,NA,NA,NA,NA,NA,NA,NA,NA
Diyala,Al-Khalis,5.53125,5.53125,36.4876067,57.4901169,6.0222763,25.2631579,21.0526316,51.1964511,48.8035489,78.125,79.6875,98.9583333,10.4166667,3.125,20.3125,0,0,46.1538462,0,0,0,0,0,0,0,46.1538462,7.6923077,0,0,3.947368421,23.0769231,78.2608696,52.173913,4.3478261,26.0869565,39.1304348,13.0434783,0,68.75,7.2916667,5.2083333,89.5833333,10.4166667,0,82.2916667,100,44.7916667,100,28.5714286,0,0,0,1.7857143,1.7857143,0,26.7857143,5.3571429,5.3571429,1.7857143,10.4166667,48.9583333,7.2916667,1.0416667,6.25,1.0416667,98.9583333,95.8333333,66.6666667,100,100,98.9583333,87.5,100,84.057971,89.5833333,29.1666667,45.8333333,29.1666667,9.375,100,8.3333333,37.5,100,20.8333333,5.8139535,47.9166667,0,#N/A,#N/A,#N/A,#N/A,#N/A,#N/A,#N/A,#N/A,#N/A,#N/A,0,0,0,0,0,0,57.1428571,0,0,0,3.5294118,2.0833333,2.0833333,0,1.0416667,1.0416667,0,0,0,0,0,0,14.5833333,2.0833333,100,100,98.630137,#N/A,#N/A,#N/A,#N/A,#N/A,#N/A,#N/A,#N/A,#N/A,#N/A,#N/A,#N/A,#N/A,#N/A,#N/A,6.741573,0,0,3.3707865,0,0,0,0,0,56.1797753,41.5730337,55.0561798,5.6179775,26.9662921,0,1.1235955,0,1.1235955,1.1235955,2.247191,35.9550562,0,0,0,59.5505618,0,32.2916667,0,8.3333333,38.5416667,28.125,45.8333333,11.4583333,30.2083333,11.4583333,30.2083333,51.0416667,11.4583333,2.0833333,0,0,0,48.9583333,13.5416667,10.4166667,52.0833333,32.2916667,60.4166667,1.0416667,25,6.25,4.1666667,42.7083333,23.9583333,60.4166667,45.8333333,36.4583333,29.1666667,0,0,0,4.1666667,3.125,6.25,3.125,4.1666667,0,12.5,0,100,0,0,0,0,0,0,0,0,100,0,0,25,46.875,0,NA,NA,NA,NA,NA,NA,NA,NA
Diyala,Baquba,5.119205298,5.006622517,36.2765068,58.7692201,4.9542731,16.7785235,15.3333333,48.4905584,51.5094416,88.8888889,89.8989899,98.6754967,7.9470199,1.010101,10.1010101,0,0,18.1818182,9.0909091,9.0909091,0,0,9.0909091,0,9.0909091,45.4545455,0,0,0,2.803738318,10.2564103,86.9565217,13.0434783,4.3478261,13.0434783,56.5217391,8.6956522,0,67.5496689,7.2847682,3.3112583,92.0529801,7.9470199,0,78.1456954,100,45.6953642,99.3377483,25.9259259,0,0,0,0.9259259,5.5555556,0,25,4.6296296,0.9259259,0,11.9205298,47.0198675,4.6357616,0.6622517,2.6490066,3.3112583,94.7019868,98.013245,68.2119205,100,94.7019868,100,78.1456954,86.3636364,80.3571429,84.5637584,37.0860927,53.6423841,33.1125828,1.3245033,99.3377483,2.6490066,45.0331126,96.6887417,12.5827815,6.6225166,31.1258278,0,#N/A,#N/A,#N/A,#N/A,#N/A,#N/A,#N/A,#N/A,#N/A,#N/A,2.027027,0,0,0,1.986755,0,42.8571429,0,0,0,0.7352941,7.2847682,5.9602649,0,0,0,0,0,0,0,0,0,17.8807947,1.3245033,100,100,96.8,100,0,50,0,0,0,50,50,0,0,0,0,50,0,0,9.2857143,0.7142857,1.4285714,3.5714286,0,0,0,0.7142857,0,47.1428571,42.8571429,54.2857143,7.8571429,29.2857143,0.7142857,1.4285714,0.7142857,3.5714286,1.4285714,5,31.4285714,0,0,0,59.2857143,1.4285714,27.1523179,0,#N/A,37.7483444,32.4503311,39.0728477,17.218543,28.4768212,11.2582781,32.4503311,43.0463576,9.9337748,0.6622517,0,0.6622517,1.986755,47.6821192,16.5562914,15.8940397,53.6423841,29.8013245,43.0463576,5.2980132,19.205298,4.6357616,3.3112583,29.8013245,39.0728477,50.3311258,47.6821192,38.410596,29.1390728,1.3245033,0.6622517,0.6622517,1.3245033,6.6225166,9.2715232,1.3245033,3.3112583,0,0,#N/A,#N/A,#N/A,#N/A,#N/A,#N/A,#N/A,#N/A,#N/A,#N/A,#N/A,#N/A,#N/A,#N/A,39.0728477,0,NA,NA,NA,NA,NA,NA,NA,NA
Diyala,Khanaqin,5.059405941,4.811881188,37.0741003,56.58573,6.3401697,19.5876289,19.5876289,47.4308502,52.5691498,86.3636364,86.3636364,91.0891089,5.9405941,1.5151515,13.6363636,0,0,44.4444444,0,33.3333333,0,0,0,0,11.1111111,11.1111111,0,0,0,2.816901408,7.6923077,100,52.3809524,0,23.8095238,57.1428571,19.047619,0,90.0990099,7.9207921,9.9009901,94.0594059,5.9405941,0,79.2079208,90.0990099,40.5940594,90.0990099,20.4819277,1.2048193,0,1.2048193,0,0,0,37.3493976,16.8674699,0,0,6.9306931,53.4653465,6.9306931,1.980198,10.8910891,1.980198,100,94.0594059,61.3861386,99.009901,84.1584158,99.009901,74.2574257,83.3333333,57.8947368,84.1584158,57.4257426,71.2871287,20.7920792,8.9108911,100,11.8811881,40.5940594,96.039604,20.7920792,5.6179775,47.5247525,0,#N/A,#N/A,#N/A,#N/A,#N/A,#N/A,#N/A,#N/A,#N/A,#N/A,0,0,0,0,0,0,57.1428571,0,0,0,1.980198,4.950495,4.950495,0,0,0,0,0,0,0,0,0,19.8019802,0,100,100,97.1428571,#N/A,#N/A,#N/A,#N/A,#N/A,#N/A,#N/A,#N/A,#N/A,#N/A,#N/A,#N/A,#N/A,#N/A,#N/A,14.1176471,3.5294118,0,7.0588235,0,0,0,0,0,58.8235294,37.6470588,52.9411765,1.1764706,25.8823529,0,1.1764706,0,2.3529412,0,5.8823529,29.4117647,0,0,0,54.1176471,0,26.7326733,8.4745763,21.7391304,32.6732673,43.5643564,46.5346535,12.8712871,29.7029703,4.950495,32.6732673,44.5544554,5.9405941,2.970297,0,0,0,33.6633663,14.8514851,11.8811881,52.4752475,27.7227723,34.6534653,0.990099,40.5940594,4.950495,3.960396,29.7029703,26.7326733,54.4554455,69.3069307,54.4554455,15.8415842,0,0,0,1.980198,1.980198,1.980198,0,0,0.990099,22.7722772,0,95.6521739,0,0,0,0,0,8.6956522,4.3478261,0,95.6521739,0,0,35.7142857,52.4752475,0,NA,NA,NA,NA,NA,NA,NA,NA
Diyala,Kifri,5.090909091,5.090909091,37.5932797,59.1300763,3.276644,8.6956522,8.6956522,51.893424,48.106576,69.5652174,69.5652174,97.4025974,9.0909091,0,26.0869565,30.7692308,0,38.4615385,0,0,0,0,0,0,0,15.3846154,38.4615385,0,0,2.325581395,22.2222222,92.3076923,0,23.0769231,15.3846154,38.4615385,23.0769231,0,51.9480519,12.987013,11.6883117,93.5064935,6.4935065,0,96.1038961,98.7012987,51.9480519,97.4025974,25,0,0,0,0,5.7692308,0,32.6923077,21.1538462,0,0,16.8831169,40.2597403,3.8961039,0,0,2.5974026,98.7012987,100,54.5454545,100,94.8051948,94.8051948,77.9220779,100,79.6610169,88.3116883,33.7662338,53.2467532,23.3766234,1.2987013,97.4025974,7.7922078,31.1688312,97.4025974,20.7792208,4,49.3506494,0,#N/A,#N/A,#N/A,#N/A,#N/A,#N/A,#N/A,#N/A,#N/A,#N/A,13.1578947,11.8421053,6.4935065,0,0,0,66.6666667,0,0,0,1.6666667,7.7922078,7.7922078,0,0,0,0,0,0,0,0,0,18.1818182,10.3896104,100,96.4912281,92.7272727,40,20,40,20,0,0,20,0,0,20,20,0,0,0,0,6.4516129,3.2258065,1.6129032,3.2258065,4.8387097,0,1.6129032,1.6129032,3.2258065,56.4516129,54.8387097,53.2258065,0,27.4193548,4.8387097,4.8387097,0,4.8387097,0,4.8387097,22.5806452,0,0,0,53.2258065,1.6129032,37.6623377,11.1111111,#N/A,32.4675325,24.6753247,50.6493506,7.7922078,6.4935065,3.8961039,40.2597403,66.2337662,11.6883117,5.1948052,0,1.2987013,1.2987013,68.8311688,32.4675325,11.6883117,42.8571429,22.0779221,44.1558442,1.2987013,5.1948052,1.2987013,3.8961039,35.0649351,22.0779221,54.5454545,37.6623377,40.2597403,37.6623377,1.2987013,0,0,3.8961039,3.8961039,9.0909091,1.2987013,2.5974026,1.2987013,1.2987013,#N/A,#N/A,#N/A,#N/A,#N/A,#N/A,#N/A,#N/A,#N/A,#N/A,#N/A,#N/A,#N/A,#N/A,28.5714286,1,NA,NA,NA,NA,NA,NA,NA,NA
Duhok,Al-Amadiya,7.692307692,6.346153846,42.9074629,48.5867373,8.5057998,15.2777778,11.1111111,48.4087672,51.5912328,76.9230769,76.9230769,70.5128205,11.5384615,1.9230769,23.0769231,25,0,50,16.6666667,8.3333333,0,0,0,16.6666667,8.3333333,0,0,0,0,13.51351351,20.5128205,73.3333333,40,6.6666667,6.6666667,6.6666667,6.6666667,0,74.3589744,28.2051282,15.3846154,93.5897436,5.1282051,1.2820513,23.0769231,94.8717949,8.974359,94.8717949,88.8888889,1.5873016,0,0,1.5873016,33.3333333,0,11.1111111,14.2857143,0,0,60.2564103,56.4102564,21.7948718,3.8461538,7.6923077,6.4102564,91.025641,87.1794872,25.6410256,97.4358974,97.4358974,83.3333333,69.2307692,71.4285714,63.6363636,73.6842105,66.6666667,67.9487179,46.1538462,7.6923077,87.1794872,24.3589744,29.4871795,80.7692308,8.974359,0,89.7435897,0,#N/A,#N/A,#N/A,#N/A,#N/A,#N/A,#N/A,#N/A,#N/A,#N/A,1.2820513,1.2820513,1.2820513,0,0,0,47.0588235,0,0,0,0,55.1282051,52.5641026,2.5641026,3.8461538,1.2820513,0,0,0,0,1.2820513,0,20.5128205,1.2820513,100,94.2028986,90.3225806,50,0,50,0,0,0,100,0,0,0,0,0,0,0,0,60.2941176,17.6470588,11.7647059,32.3529412,1.4705882,0,1.4705882,0,0,8.8235294,17.6470588,32.3529412,1.4705882,4.4117647,0,11.7647059,0,2.9411765,2.9411765,2.9411765,13.2352941,1.4705882,0,0,33.8235294,11.7647059,15.3846154,0,27.6595745,16.6666667,15.3846154,50,5.1282051,5.1282051,0,48.7179487,62.8205128,2.5641026,0,0,1.2820513,3.8461538,78.2051282,20.5128205,8.974359,8.974359,1.2820513,1.2820513,2.5641026,6.4102564,0,0,24.3589744,38.4615385,46.1538462,43.5897436,0,20.5128205,0,1.2820513,2.5641026,5.1282051,0,0,0,0,0,60.2564103,0,100,0,0,0,0,0,0,0,0,95.7446809,4.2553191,2.2222222,30.2325581,17.9487179,1,NA,NA,NA,NA,NA,NA,NA,NA
Duhok,Duhok,7.17,6.36,37.2561883,53.1279887,9.6158231,3.5714286,4.7619048,50.0420801,49.9579199,67.5675676,68.9189189,77,23,0,31.0810811,16.6666667,4.1666667,29.1666667,12.5,20.8333333,0,0,0,4.1666667,4.1666667,0,0,4.1666667,29.1666667,6.779661017,30.4347826,75,5.5555556,16.6666667,11.1111111,11.1111111,16.6666667,2.7777778,88,36,22,91,8,1,62,96,48,96,86.9047619,1.1904762,0,1.1904762,0,11.9047619,0,10.7142857,7.1428571,0,0,81,72,30,7,11,9,94,86,30,99,98,85,50,33.3333333,70.5128205,56.7010309,67,76,29,4,92,18,38,72,15,4,80,10.1010101,40,0,0,0,50,10,0,0,0,0,12.6315789,2.0408163,2.020202,1,2.020202,0,46.6666667,1,1,0,1.010101,43,41,1,0,0,0,0,0,0,0,0,20,9,100,91.4893617,96.3855422,33.3333333,0,16.6666667,16.6666667,16.6666667,16.6666667,16.6666667,16.6666667,0,0,0,0,0,0,0,70,21.1111111,13.3333333,35.5555556,8.8888889,0,1.1111111,3.3333333,0,7.7777778,22.2222222,27.7777778,1.1111111,2.2222222,0,10,0,1.1111111,0,1.1111111,3.3333333,0,0,0,28.8888889,13.3333333,25,0,33.3333333,21,7,41,0,4,7,48,43,7,1,1,3,21,73,35,16,2,4,0,3,9,1,4,20,30,54,27,4,36,8,2,1,5,0,0,0,0,0,6,0,100,0,0,0,0,0,0,0,0,100,0,0,40,2,0,NA,NA,NA,NA,NA,NA,NA,NA
Duhok,Sumail,7.579439252,6.691588785,40.8908485,51.7396285,7.369523,11.3402062,10.3092784,47.2979746,52.7020254,78.9473684,82.8947368,75.7009346,18.6915888,1.3157895,17.1052632,31.25,0,25,0,12.5,0,0,0,0,0,6.25,12.5,6.25,12.5,7.407407407,22.2222222,75,25,6.25,21.875,3.125,12.5,3.125,84.1121495,25.2336449,14.953271,93.4579439,6.5420561,0,29.9065421,80.3738318,24.2990654,80.3738318,88.8888889,2.4691358,0,0,1.2345679,18.5185185,0,14.8148148,11.1111111,0,0,63.5514019,64.4859813,24.2990654,6.5420561,13.0841121,10.2803738,100,80.3738318,36.4485981,95.3271028,97.1962617,87.8504673,56.0747664,77.7777778,68.4210526,70.754717,70.0934579,73.8317757,38.317757,1.8691589,92.5233645,37.3831776,37.3831776,80.3738318,17.7570093,2.8301887,79.4392523,3.8461538,0,0,0,25,75,0,0,0,0,0,1.8691589,0.9345794,0,0,0,0,50,0.9345794,0.9345794,0.9345794,0.9433962,47.6635514,43.9252336,1.8691589,0.9345794,0,0,0,0,0.9345794,0,0,26.1682243,4.6728972,100,96.8085106,86.0465116,33.3333333,0,33.3333333,33.3333333,0,0,33.3333333,0,0,0,0,0,0,0,0,58.4158416,11.8811881,9.9009901,16.8316832,0.990099,0,0,0,0,4.950495,23.7623762,39.6039604,4.950495,4.950495,0,20.7920792,0.990099,0.990099,3.960396,3.960396,11.8811881,0.990099,0,0,43.5643564,9.9009901,14.953271,0,25,21.4953271,4.6728972,59.8130841,5.6074766,0.9345794,3.7383178,42.0560748,57.0093458,3.7383178,0.9345794,0.9345794,0.9345794,13.0841121,73.8317757,33.6448598,6.5420561,2.8037383,1.8691589,3.7383178,0,11.2149533,0,1.8691589,14.953271,51.4018692,34.5794393,40.1869159,1.8691589,28.0373832,2.8037383,0.9345794,0,2.8037383,0,0,0,0,0,3.7383178,100,25,0,0,0,0,0,25,0,0,100,0,0,25,8.411215,0,NA,NA,NA,NA,NA,NA,NA,NA
Duhok,Zakho,7.539130435,6.417391304,46.6754067,49.3539142,3.9706791,15.625,16.6666667,52.2799954,47.7200046,69.5121951,69.5121951,69.5652174,24.3478261,3.6585366,30.4878049,4,4,64,8,8,0,0,0,0,0,0,12,0,4,11.11111111,16.9491525,90,5,15,10,15,10,0,79.1304348,33.9130435,18.2608696,92.173913,5.2173913,2.6086957,68.6956522,86.0869565,55.6521739,86.0869565,86.8131868,0,0,0,0,15.3846154,0,10.989011,9.8901099,1.0989011,3.2967033,70.4347826,53.9130435,22.6086957,3.4782609,13.9130435,8.6956522,100,77.3913043,30.4347826,100,96.5217391,79.1304348,58.2608696,57.1428571,75.5813953,78.2608696,57.3913043,72.173913,29.5652174,0,89.5652174,13.0434783,30.4347826,80.8695652,13.9130435,2.6086957,88.6956522,4.3859649,0,40,0,0,60,20,20,0,0,0,2.7027027,0,0.8695652,0,0,0,46.1538462,1.7391304,1.7391304,0,0,52.173913,46.9565217,0,0.8695652,0.8695652,0,0,0,0,0,0,23.4782609,3.4782609,100,98.0769231,83.1578947,0,0,0,0,0,0,100,0,0,0,0,0,0,0,0,55.2380952,12.3809524,12.3809524,15.2380952,0,0,0,0.952381,0,3.8095238,27.6190476,45.7142857,0.952381,9.5238095,0,14.2857143,0,0.952381,0,3.8095238,8.5714286,0,0.952381,0,46.6666667,12.3809524,7.826087,0,100,13.9130435,6.0869565,61.7391304,3.4782609,0.8695652,4.3478261,46.0869565,61.7391304,4.3478261,5.2173913,0,0.8695652,9.5652174,70.4347826,31.3043478,21.7391304,1.7391304,1.7391304,0.8695652,0.8695652,6.9565217,0,0.8695652,20.8695652,40.8695652,56.5217391,33.9130435,1.7391304,26.9565217,1.7391304,0.8695652,0.8695652,9.5652174,0,0,0,0,0,0.8695652,100,0,0,0,0,0,0,0,0,0,0,100,0,100,9.5652174,0,NA,NA,NA,NA,NA,NA,NA,NA
Erbil,Erbil,6.326732673,5.425742574,37.8237164,55.7150303,6.4612533,12.9032258,11.827957,52.7990436,47.2009564,61.2903226,62.9032258,95.049505,15.8415842,0,37.0967742,8.3333333,0,33.3333333,0,16.6666667,0,0,0,16.6666667,4.1666667,16.6666667,41.6666667,16.6666667,12.5,10.16949153,35.483871,60.7142857,10.7142857,0,17.8571429,60.7142857,32.1428571,3.5714286,76.2376238,20.7920792,14.8514851,85.1485149,13.8613861,0.990099,58.4158416,100,27.7227723,100,75,0,0,1.5625,12.5,4.6875,0,9.375,21.875,4.6875,0,63.3663366,43.5643564,12.8712871,8.9108911,14.8514851,6.9306931,98.019802,76.2376238,25.7425743,100,70.2970297,83.1683168,74.2574257,88.8888889,64.4736842,53.5353535,54.4554455,82.1782178,57.4257426,2.970297,99.009901,0.990099,68.3168317,92.0792079,9.9009901,17.8947368,17.8217822,7.2916667,100,0,0,0,0,0,0,0,0,0,3.2258065,0,1.010101,2,0,0,53.8461538,2.970297,2.970297,0.990099,0,33.6633663,28.7128713,0,0,0,0,0,0,0,0,0,9.9009901,16.8316832,100,100,94.4444444,#N/A,#N/A,#N/A,#N/A,#N/A,#N/A,#N/A,#N/A,#N/A,#N/A,#N/A,#N/A,#N/A,#N/A,#N/A,51.0416667,15.625,0,11.4583333,9.375,2.0833333,0,0,0,37.5,47.9166667,32.2916667,1.0416667,6.25,0,17.7083333,0,2.0833333,1.0416667,2.0833333,23.9583333,1.0416667,1.0416667,0,33.3333333,0,5.9405941,11.1111111,0,29.7029703,19.8019802,75.2475248,7.9207921,0.990099,3.960396,32.6732673,71.2871287,6.9306931,0.990099,0,1.980198,6.9306931,91.0891089,53.4653465,40.5940594,35.6435644,8.9108911,0,0,22.7722772,0,0.990099,22.7722772,43.5643564,71.2871287,66.3366337,2.970297,26.7326733,1.980198,8.9108911,7.9207921,8.9108911,0,0,0,0,2.970297,2.970297,33.3333333,66.6666667,0,0,0,0,0,0,0,0,33.3333333,66.6666667,0,0,46.5346535,0,NA,NA,NA,NA,NA,NA,NA,NA
Erbil,Koysinjaq,5.75862069,5.775862069,45.2645295,51.5677091,3.1677614,8.9285714,8.9285714,52.6665671,47.3334329,50,50,67.2413793,31.0344828,0,50,5,0,55,0,5,0,0,0,45,0,0,0,0,5,14.28571429,33.3333333,100,0,0,0,0,0,0,74.137931,39.6551724,29.3103448,100,0,0,96.5517241,100,24.137931,100,80,0,0,2.8571429,20,37.1428571,0,2.8571429,2.8571429,0,0,39.6551724,32.7586207,8.6206897,1.7241379,1.7241379,3.4482759,100,98.2758621,10.3448276,100,65.5172414,100,93.1034483,80,27.7777778,58.6206897,31.0344828,55.1724138,27.5862069,0,93.1034483,1.7241379,91.3793103,98.2758621,1.7241379,5.1724138,82.7586207,0,#N/A,#N/A,#N/A,#N/A,#N/A,#N/A,#N/A,#N/A,#N/A,#N/A,0,0,0,0,0,0,20,0,0,0,0,8.6206897,5.1724138,1.7241379,0,0,0,0,0,0,0,0,0,6.8965517,100,100,51.1627907,#N/A,#N/A,#N/A,#N/A,#N/A,#N/A,#N/A,#N/A,#N/A,#N/A,#N/A,#N/A,#N/A,#N/A,#N/A,58.1818182,10.9090909,0,0,5.4545455,0,0,0,0,1.8181818,61.8181818,61.8181818,34.5454545,5.4545455,0,0,0,1.8181818,0,0,0,0,0,0,65.4545455,0,0,#N/A,#N/A,94.8275862,53.4482759,93.1034483,0,0,0,1.7241379,3.4482759,0,18.9655172,0,0,5.1724138,67.2413793,65.5172414,67.2413793,25.862069,13.7931034,3.4482759,0,0,0,0,53.4482759,55.1724138,17.2413793,94.8275862,37.9310345,5.1724138,1.7241379,0,0,0,0,0,0,0,0,3.4482759,#N/A,#N/A,#N/A,#N/A,#N/A,#N/A,#N/A,#N/A,#N/A,#N/A,#N/A,#N/A,#N/A,#N/A,0,1,NA,NA,NA,NA,NA,NA,NA,NA
Erbil,Rawanduz,4.678571429,4.678571429,38.0880875,54.3034941,7.6084184,10.7142857,8.0357143,50.2952033,49.7047967,59.3220339,61.0169492,15.1785714,8.0357143,5.0847458,38.9830508,0,4.1666667,29.1666667,0,33.3333333,0,0,0,16.6666667,4.1666667,16.6666667,37.5,0,16.6666667,14.28571429,20.8333333,50,33.3333333,0,25,8.3333333,33.3333333,0,78.5714286,5.3571429,2.6785714,93.75,6.25,0,54.4642857,99.1071429,36.6071429,99.1071429,90.4761905,0,0,0,0,7.9365079,0,12.6984127,20.6349206,3.1746032,0,79.4642857,40.1785714,18.75,0,7.1428571,4.4642857,94.6428571,90.1785714,12.5,100,62.5,85.7142857,86.6071429,100,80.6451613,76.7857143,56.25,83.0357143,70.5357143,1.7857143,90.1785714,8.9285714,55.3571429,83.9285714,0,1.7857143,52.6785714,0.9615385,#N/A,#N/A,#N/A,#N/A,#N/A,#N/A,#N/A,#N/A,#N/A,#N/A,1.8018018,0,0.8928571,0,0,0,38.0952381,0,0,0,0,36.6071429,33.0357143,0.8928571,0.8928571,0,0,0,0,0,0,0,8.9285714,7.1428571,100,100,75.6410256,#N/A,#N/A,#N/A,#N/A,#N/A,#N/A,#N/A,#N/A,#N/A,#N/A,#N/A,#N/A,#N/A,#N/A,#N/A,39.2857143,0.8928571,0.8928571,16.9642857,2.6785714,0,0,0,0.8928571,42.8571429,55.3571429,33.0357143,3.5714286,6.25,0,23.2142857,0,0.8928571,0.8928571,1.7857143,19.6428571,0,0,0,33.9285714,0.8928571,0.8928571,12.5,20,25,24.1071429,93.75,0.8928571,0.8928571,0,31.25,91.0714286,0.8928571,0,0,1.7857143,0,87.5,62.5,29.4642857,31.25,4.4642857,7.1428571,0,3.5714286,0,0,22.3214286,74.1071429,53.5714286,55.3571429,5.3571429,12.5,2.6785714,6.25,6.25,9.8214286,0,0,0,0,0,4.4642857,40,60,0,0,0,0,0,20,0,0,100,0,0,20,33.0357143,0,NA,NA,NA,NA,NA,NA,NA,NA
Erbil,Shaqlawa,5.962962963,5.648148148,42.8157568,52.2899965,4.8942467,11.2149533,12.1495327,48.2799723,51.7200277,59.4202899,59.4202899,62.037037,13.8888889,4.3478261,40.5797101,3.5714286,0,17.8571429,7.1428571,14.2857143,0,3.5714286,3.5714286,7.1428571,14.2857143,7.1428571,42.8571429,0,3.5714286,12.6984127,30.3030303,77.7777778,33.3333333,7.4074074,11.1111111,48.1481481,25.9259259,3.7037037,78.7037037,21.2962963,7.4074074,88.8888889,10.1851852,0.9259259,79.6296296,85.1851852,50,84.2592593,82.4324324,2.7027027,0,2.7027027,0,8.1081081,0,6.7567568,14.8648649,4.0540541,0,71.2962963,52.7777778,20.3703704,4.6296296,19.4444444,8.3333333,99.0740741,91.6666667,25,100,58.3333333,85.1851852,87.962963,90,71.0526316,60.952381,67.5925926,81.4814815,65.7407407,0.9259259,85.1851852,2.7777778,63.8888889,92.5925926,7.4074074,3.7037037,62.962963,1.9230769,#N/A,#N/A,#N/A,#N/A,#N/A,#N/A,#N/A,#N/A,#N/A,#N/A,0,0,0,0,0,0,59.0909091,0.9615385,0.9615385,0,0,40.7407407,37.037037,0.9259259,0,0,0,0,0,0,0,0,12.037037,7.4074074,100,100,92,#N/A,#N/A,#N/A,#N/A,#N/A,#N/A,#N/A,#N/A,#N/A,#N/A,#N/A,#N/A,#N/A,#N/A,#N/A,34.6938776,5.1020408,2.0408163,4.0816327,1.0204082,0,0,0,1.0204082,43.877551,65.3061224,53.0612245,4.0816327,9.1836735,0,11.2244898,1.0204082,1.0204082,3.0612245,5.1020408,32.6530612,0,0,0,56.122449,2.0408163,5.5555556,0,7.1428571,27.7777778,17.5925926,87.037037,0,0,2.7777778,46.2962963,94.4444444,5.5555556,0,0,5.5555556,0,97.2222222,54.6296296,37.962963,32.4074074,0,1.8518519,0.9259259,38.8888889,0.9259259,0,21.2962963,63.8888889,56.4814815,69.4444444,6.4814815,21.2962963,0.9259259,8.3333333,11.1111111,6.4814815,0,0,0,0,3.7037037,12.962963,14.2857143,85.7142857,0,0,0,0,0,0,0,0,71.4285714,21.4285714,0,7.1428571,37.962963,0,NA,NA,NA,NA,NA,NA,NA,NA
Kerbala,Kerbela,5.583333333,5.2,38.2010582,57.4378307,4.3611111,15.6862745,13.4615385,50.3306878,49.6693122,87.1794872,87.1794872,85,6.6666667,0,12.8205128,0,0,60,0,20,0,0,0,0,20,20,0,0,0,5.714285714,12.5,84.6153846,30.7692308,0,7.6923077,61.5384615,23.0769231,0,80,21.6666667,8.3333333,90,10,0,91.6666667,93.3333333,51.6666667,93.3333333,24.4897959,0,0,0,0,2.0408163,0,24.4897959,18.3673469,0,0,6.6666667,51.6666667,8.3333333,3.3333333,5,5,98.3333333,96.6666667,66.6666667,100,86.6666667,95,85,71.4285714,78.8461538,95,36.6666667,56.6666667,46.6666667,6.6666667,100,21.6666667,38.3333333,100,16.6666667,1.8181818,48.3333333,0,#N/A,#N/A,#N/A,#N/A,#N/A,#N/A,#N/A,#N/A,#N/A,#N/A,0,0,0,0,0,0,60,1.6666667,1.6666667,0,1.8867925,10,10,0,0,0,0,0,0,0,0,0,26.6666667,1.6666667,100,76.1904762,100,23.0769231,0,30.7692308,46.1538462,0,30.7692308,76.9230769,0,0,0,0,0,0,0,0,0,2.3255814,0,0,0,0,0,0,0,51.1627907,37.2093023,76.744186,4.6511628,20.9302326,0,4.6511628,0,2.3255814,0,0,27.9069767,0,0,0,81.3953488,0,31.6666667,9.375,0,45,48.3333333,36.6666667,13.3333333,30,5,20,40,11.6666667,1.6666667,0,0,0,35,26.6666667,6.6666667,45,15,43.3333333,11.6666667,20,13.3333333,8.3333333,33.3333333,48.3333333,51.6666667,53.3333333,41.6666667,13.3333333,5,0,0,3.3333333,3.3333333,1.6666667,0,0,0,15,0,100,0,0,0,0,0,0,0,0,100,0,0,0,45,1,NA,NA,NA,NA,NA,NA,NA,NA
Kirkuk,Daquq,5.971962617,6.056074766,43.8961635,50.8895907,5.2142458,11.5384615,12.5,48.7879566,51.2120434,55.4054054,58.1081081,94.3925234,15.8878505,6.7567568,40.5405405,3.030303,0,0,18.1818182,0,3.030303,0,0,3.030303,15.1515152,21.2121212,27.2727273,0,42.4242424,12.5,9.5238095,62.5,12.5,0,37.5,25,12.5,0,61.682243,17.7570093,7.4766355,100,0,0,74.7663551,81.3084112,47.6635514,81.3084112,74.2424242,0,0,0,0,16.6666667,1.5151515,27.2727273,27.2727273,1.5151515,0,97.1962617,48.5981308,7.4766355,0,0,2.8037383,100,89.7196262,78.5046729,99.0654206,97.1962617,99.0654206,73.8317757,91.6666667,65.8536585,82.5242718,39.2523364,48.5981308,34.5794393,0,100,28.9719626,42.9906542,66.3551402,6.5420561,21.4953271,59.8130841,0,#N/A,#N/A,#N/A,#N/A,#N/A,#N/A,#N/A,#N/A,#N/A,#N/A,3.7735849,0,0,0,3.7383178,0,37.5,0,0,0,0,6.5420561,5.6074766,0,0,0,0,0,0,0,0,0,44.8598131,13.0841121,100,97.8947368,100,#N/A,#N/A,#N/A,#N/A,#N/A,#N/A,#N/A,#N/A,#N/A,#N/A,#N/A,#N/A,#N/A,#N/A,#N/A,19.4174757,5.8252427,15.5339806,0,0,0.9708738,0,0,0,29.1262136,13.592233,78.6407767,8.7378641,29.1262136,0,4.8543689,0,5.8252427,0,0.9708738,6.7961165,0,0,0,82.5242718,15.5339806,27.1028037,1.8181818,57.1428571,18.6915888,35.5140187,72.8971963,15.8878505,1.8691589,0.9345794,42.9906542,71.0280374,7.4766355,6.5420561,0,0,0,60.7476636,53.271028,3.7383178,34.5794393,0,0,0,48.5981308,0,0,55.1401869,84.1121495,0.9345794,89.7196262,4.6728972,0.9345794,0,0,0,0,0,0,0,0,0,6.5420561,0,0,0,0,0,0,0,100,0,0,85.7142857,0,0,57.1428571,87.8504673,0,NA,NA,NA,NA,NA,NA,NA,NA
Kirkuk,Dibis,5.953846154,5.923076923,43.8076923,49.8382173,6.3540904,18.75,18.75,45.8644689,54.1355311,45.2380952,47.6190476,100,30.7692308,7.1428571,52.3809524,0,0,18.1818182,13.6363636,4.5454545,0,0,0,0,18.1818182,9.0909091,31.8181818,0,27.2727273,16.66666667,0,66.6666667,16.6666667,16.6666667,0,50,16.6666667,0,49.2307692,10.7692308,12.3076923,100,0,0,6.1538462,100,0,100,50,0,0,0,3.125,12.5,0,6.25,9.375,0,0,100,40,10.7692308,0,0,7.6923077,100,100,6.1538462,100,100,100,55.3846154,63.6363636,81.1320755,72.3076923,16.9230769,32.3076923,50.7692308,0,100,1.5384615,73.8461538,66.1538462,0,1.5625,80,0,#N/A,#N/A,#N/A,#N/A,#N/A,#N/A,#N/A,#N/A,#N/A,#N/A,0,0,0,0,0,0,28.5714286,0,0,0,0,27.6923077,24.6153846,3.0769231,3.0769231,1.5625,0,0,0,0,0,0,24.6153846,12.3076923,100,87.5,100,85.7142857,0,0,0,0,57.1428571,85.7142857,14.2857143,0,0,0,0,0,0,0,13.7931034,0,1.7241379,0,0,0,0,0,0,48.2758621,12.0689655,56.8965517,10.3448276,24.137931,0,0,0,0,0,6.8965517,18.9655172,0,1.7241379,0,60.3448276,1.7241379,15.3846154,0,#N/A,44.6153846,26.1538462,75.3846154,9.2307692,1.5384615,0,56.9230769,55.3846154,6.1538462,0,0,0,0,90.7692308,12.3076923,3.0769231,46.1538462,10.7692308,0,0,69.2307692,0,0,50.7692308,50.7692308,44.6153846,80,16.9230769,10.7692308,1.5384615,0,0,16.9230769,0,0,0,0,0,0,#N/A,#N/A,#N/A,#N/A,#N/A,#N/A,#N/A,#N/A,#N/A,#N/A,#N/A,#N/A,#N/A,#N/A,84.6153846,0,NA,NA,NA,NA,NA,NA,NA,NA
Kirkuk,Kirkuk,5.441176471,5.448529412,43.5860177,49.6090103,6.804972,19.0839695,19.0839695,47.9601424,52.0398576,59.5505618,60.6741573,99.2647059,21.3235294,4.494382,39.3258427,0,0,11.1111111,0,5.5555556,0,0,0,8.3333333,13.8888889,13.8888889,52.7777778,0,16.6666667,15.15151515,14.6341463,78.2608696,8.6956522,0,21.7391304,30.4347826,26.0869565,0,58.0882353,26.4705882,10.2941176,99.2647059,0.7352941,0,44.1176471,95.5882353,33.8235294,94.8529412,60.8695652,1.0869565,0,0,0,1.0869565,0,38.0434783,18.4782609,1.0869565,0,91.1764706,43.3823529,13.2352941,0,1.4705882,2.9411765,100,96.3235294,36.7647059,100,96.3235294,100,61.1940299,59.0909091,86.1111111,66.9172932,19.8529412,46.3235294,41.1764706,1.4705882,92.6470588,10.2941176,75,50,3.6764706,10.2941176,65.4411765,0.7352941,#N/A,#N/A,#N/A,#N/A,#N/A,#N/A,#N/A,#N/A,#N/A,#N/A,0.7407407,0,0.7352941,0.7407407,0,0,16.6666667,0,0,0,0,24.2647059,22.7941176,2.2058824,2.2058824,1.4814815,0,0,0,0,0,0,56.6176471,14.7058824,100,95.1807229,98.7012987,66.6666667,0,33.3333333,33.3333333,0,66.6666667,66.6666667,0,0,0,0,0,0,0,0,17.5572519,0.7633588,3.0534351,0.7633588,1.5267176,0.7633588,0,0,0,38.9312977,23.6641221,41.9847328,6.870229,9.1603053,1.5267176,2.2900763,0.7633588,11.4503817,1.5267176,10.6870229,31.2977099,0,0,0,42.7480916,3.0534351,22.7941176,0,#N/A,13.2352941,10.2941176,66.9117647,1.4705882,0,1.4705882,72.7941176,74.2647059,20.5882353,0,0,0,0.7352941,86.7647059,34.5588235,2.2058824,44.1176471,0,1.4705882,0,64.7058824,0,0,75.7352941,67.6470588,6.6176471,88.2352941,3.6764706,0.7352941,0.7352941,0,0,5.1470588,0,0,0,0,0,0,#N/A,#N/A,#N/A,#N/A,#N/A,#N/A,#N/A,#N/A,#N/A,#N/A,#N/A,#N/A,#N/A,#N/A,84.5588235,0,NA,NA,NA,NA,NA,NA,NA,NA
Ninewa,Al-Baaj,7.106060606,6.954545455,49.463655,48.2136046,2.3227404,6.0606061,4.5454545,52.1973271,47.8026729,73.9130435,73.9130435,96.969697,28.7878788,8.6956522,26.0869565,0,0,91.6666667,0,8.3333333,0,0,0,0,0,0,0,0,0,20.68965517,36.3636364,66.6666667,0,0,11.1111111,55.5555556,33.3333333,0,21.2121212,10.6060606,1.5151515,98.4848485,1.5151515,0,74.2424242,96.969697,25.7575758,96.969697,77.7777778,4.4444444,0,0,4.4444444,0,0,57.7777778,11.1111111,0,0,57.5757576,36.3636364,0,3.030303,0,4.5454545,0,93.9393939,81.8181818,93.9393939,92.4242424,98.4848485,66.6666667,100,21.6666667,92.4242424,59.0909091,66.6666667,4.5454545,0,96.969697,13.6363636,48.4848485,45.4545455,1.5151515,3.030303,80.3030303,3.030303,50,0,0,0,50,0,50,0,0,0,26.1538462,7.6923077,1.5151515,0,20.6349206,0,#N/A,0,0,0,0,86.3636364,86.3636364,0,0,0,0,0,0,0,0,0,37.8787879,13.6363636,100,92.0634921,53.4482759,83.3333333,0,0,66.6666667,0,16.6666667,66.6666667,0,0,0,0,0,0,0,0,1.6666667,0,0,1.6666667,0,0,0,0,0,45,18.3333333,8.3333333,0,1.6666667,0,0,0,0,0,30,41.6666667,0,0,0,8.3333333,0,3.030303,0,#N/A,0,4.5454545,86.3636364,71.2121212,19.6969697,0,12.1212121,80.3030303,0,3.030303,0,0,4.5454545,77.2727273,53.030303,25.7575758,42.4242424,12.1212121,0,33.3333333,37.8787879,0,0,50,66.6666667,71.2121212,28.7878788,4.5454545,27.2727273,27.2727273,6.0606061,0,1.5151515,0,0,0,0,1.5151515,0,#N/A,#N/A,#N/A,#N/A,#N/A,#N/A,#N/A,#N/A,#N/A,#N/A,#N/A,#N/A,#N/A,#N/A,1.5151515,1,NA,NA,NA,NA,NA,NA,NA,NA
Ninewa,Al-Hamdaniya,5.939393939,5.939393939,45.4950479,49.1766693,5.3282828,18.1818182,15.1515152,51.220812,48.779188,66.6666667,66.6666667,95.4545455,19.6969697,8.8888889,33.3333333,0,0,46.6666667,20,6.6666667,0,0,6.6666667,0,13.3333333,0,26.6666667,6.6666667,0,24.32432432,14.2857143,62.5,0,6.25,25,37.5,18.75,0,34.8484848,13.6363636,9.0909091,96.969697,3.030303,0,65.1515152,98.4848485,39.3939394,98.4848485,73.6842105,2.6315789,0,0,0,2.6315789,0,42.1052632,13.1578947,7.8947368,0,68.1818182,43.9393939,16.6666667,7.5757576,6.0606061,7.5757576,96.969697,98.4848485,42.4242424,100,95.4545455,100,65.1515152,80,45.8333333,87.6923077,48.4848485,62.1212121,19.6969697,1.5151515,96.969697,10.6060606,46.969697,65.1515152,6.0606061,3.030303,48.4848485,15.1515152,90,0,0,10,40,0,0,0,0,0,28.7878788,3.0769231,9.0909091,0,18.1818182,0,45.4545455,0,0,0,0,83.3333333,83.3333333,3.030303,0,0,0,0,0,0,0,0,19.6969697,9.0909091,100,91.5254237,79.6296296,50,0,0,12.5,0,0,25,0,0,25,12.5,0,0,0,12.5,1.7241379,1.7241379,0,5.1724138,0,0,0,0,0,43.1034483,18.9655172,15.5172414,0,3.4482759,0,3.4482759,0,3.4482759,5.1724138,15.5172414,41.3793103,0,0,0,15.5172414,0,13.6363636,0,#N/A,1.5151515,12.1212121,63.6363636,10.6060606,21.2121212,4.5454545,45.4545455,56.0606061,0,1.5151515,0,3.030303,13.6363636,68.1818182,22.7272727,10.6060606,42.4242424,12.1212121,0,18.1818182,40.9090909,0,0,42.4242424,50,77.2727273,33.3333333,0,16.6666667,19.6969697,0,0,9.0909091,0,0,0,0,10.6060606,0,#N/A,#N/A,#N/A,#N/A,#N/A,#N/A,#N/A,#N/A,#N/A,#N/A,#N/A,#N/A,#N/A,#N/A,7.5757576,1,NA,NA,NA,NA,NA,NA,NA,NA
Ninewa,Al-Hatra,5.762711864,5.762711864,47.5886684,50.698868,1.7124636,18.6440678,18.6440678,48.8467136,51.1532864,87.804878,87.804878,94.9152542,1.6949153,2.4390244,12.195122,60,0,20,0,0,0,0,0,0,20,0,20,0,0,6.666666667,21.0526316,42.8571429,0,0,42.8571429,28.5714286,57.1428571,0,66.1016949,5.0847458,0,100,0,0,62.7118644,93.220339,62.7118644,93.220339,68,6,0,4,0,0,0,40,30,4,0,86.440678,33.8983051,10.1694915,1.6949153,6.779661,11.8644068,84.7457627,98.3050847,28.8135593,76.2711864,98.3050847,89.8305085,81.3559322,81.8181818,39.5833333,94.9152542,52.5423729,74.5762712,18.6440678,0,89.8305085,11.8644068,54.2372881,54.2372881,5.0847458,5.2631579,69.4915254,12.0689655,0,14.2857143,0,0,85.7142857,0,0,0,0,0,44.0677966,3.3898305,28.8135593,1.6949153,28.8135593,0,16.6666667,0,0,0,0,89.8305085,89.8305085,1.6949153,0,0,0,0,0,0,0,0,45.7627119,16.9491525,100,96,91.6666667,33.3333333,0,0,66.6666667,0,66.6666667,33.3333333,0,0,0,0,0,0,0,0,3.6363636,0,0,1.8181818,0,0,0,0,1.8181818,41.8181818,47.2727273,52.7272727,5.4545455,23.6363636,0,10.9090909,0,1.8181818,1.8181818,23.6363636,50.9090909,0,0,0,56.3636364,0,25.4237288,0,0,0,45.7627119,77.9661017,6.779661,8.4745763,5.0847458,33.8983051,61.0169492,0,22.0338983,0,0,8.4745763,83.0508475,38.9830508,13.559322,59.3220339,3.3898305,1.6949153,6.779661,32.2033898,3.3898305,0,52.5423729,57.6271186,49.1525424,57.6271186,8.4745763,23.7288136,15.2542373,0,0,0,0,0,0,0,0,1.6949153,0,100,100,0,0,0,0,0,0,0,100,0,0,0,5.0847458,1,NA,NA,NA,NA,NA,NA,NA,NA
Ninewa,Al-Mosul,6.017241379,5.948275862,44.0406193,54.1634036,1.795977,10.3448276,10.3448276,52.8843522,47.1156478,83.3333333,83.3333333,100,10.3448276,2.3809524,16.6666667,14.2857143,0,42.8571429,28.5714286,0,14.2857143,0,0,0,0,0,28.5714286,0,0,3.03030303,7.1428571,60,0,0,10,70,40,0,63.7931034,8.6206897,8.6206897,96.5517241,3.4482759,0,70.6896552,98.2758621,70.6896552,98.2758621,68.627451,3.9215686,0,0,0,0,0,41.1764706,31.372549,0,0,96.5517241,41.3793103,8.6206897,6.8965517,8.6206897,13.7931034,93.1034483,100,34.4827586,84.4827586,98.2758621,96.5517241,81.0344828,60,30,89.6551724,58.6206897,79.3103448,12.0689655,3.4482759,94.8275862,13.7931034,46.5517241,60.3448276,6.8965517,8.6206897,51.7241379,14.5454545,0,0,0,25,75,0,0,0,0,0,46.5517241,1.7241379,22.4137931,1.7241379,31.0344828,0,0,0,0,0,0,91.3793103,91.3793103,0,0,0,0,0,0,0,0,0,36.2068966,10.3448276,98.1818182,82,92.6829268,90,0,20,40,0,10,80,10,0,20,20,0,0,0,0,2.0833333,0,0,4.1666667,0,0,0,0,2.0833333,43.75,56.25,64.5833333,0,41.6666667,0,2.0833333,0,0,0,22.9166667,35.4166667,2.0833333,0,0,64.5833333,0,44.8275862,0,100,0,44.8275862,89.6551724,5.1724138,8.6206897,8.6206897,50,53.4482759,0,10.3448276,1.7241379,1.7241379,5.1724138,82.7586207,41.3793103,13.7931034,44.8275862,1.7241379,0,6.8965517,29.3103448,0,0,53.4482759,41.3793103,53.4482759,56.8965517,6.8965517,29.3103448,13.7931034,0,0,1.7241379,0,0,0,0,0,1.7241379,0,100,0,0,0,0,0,100,0,0,100,0,0,100,18.9655172,1,NA,NA,NA,NA,NA,NA,NA,NA
Ninewa,Al-Shikhan,7.402515723,6.169811321,39.8322869,51.9030899,8.2646232,9.4202899,10.1449275,51.0658192,48.9341808,59.2920354,62.8318584,88.0503145,26.4150943,4.4247788,36.2831858,6.5217391,0,50,4.3478261,17.3913043,0,0,0,2.173913,8.6956522,2.173913,15.2173913,0,8.6956522,10.30927835,22.0779221,77.2727273,11.3636364,20.4545455,11.3636364,18.1818182,13.6363636,0,80.5031447,18.8679245,16.9811321,91.8238994,6.2893082,1.8867925,66.0377358,96.2264151,34.591195,93.081761,94.4,0,0,0,0.8,20,0,9.6,11.2,0,0,64.7798742,62.2641509,26.4150943,3.7735849,8.8050314,6.2893082,100,76.1006289,25.7861635,96.2264151,93.7106918,88.6792453,71.6981132,54.5454545,76.2711864,78.6163522,69.8113208,72.9559748,37.7358491,1.8867925,91.1949686,12.5786164,44.6540881,82.3899371,13.2075472,2.5157233,88.6792453,1.8867925,66.6666667,0,0,0,66.6666667,0,0,0,33.3333333,0,2.6315789,0,0.6410256,0.6451613,0,0,40.4761905,0,0,0,0,35.8490566,35.2201258,0,3.1446541,1.8987342,0,0.6329114,0,0,0.6289308,0,18.8679245,2.5157233,100,94.7368421,88.28125,33.3333333,0,0,16.6666667,0,16.6666667,33.3333333,16.6666667,0,50,0,0,33.3333333,0,0,57.5163399,9.8039216,11.7647059,15.6862745,0.6535948,0,0,0,0,3.9215686,17.6470588,37.9084967,1.9607843,4.5751634,0,18.3006536,0.6535948,5.2287582,1.9607843,0.6535948,10.4575163,0,0,0,39.2156863,11.7647059,6.918239,0,44.4444444,16.3522013,5.6603774,52.2012579,5.0314465,3.7735849,6.2893082,39.6226415,63.5220126,4.4025157,1.2578616,0,0.6289308,8.8050314,79.245283,26.4150943,12.5786164,3.1446541,1.2578616,0,0.6289308,8.1761006,0,0,22.0125786,45.2830189,49.0566038,43.3962264,2.5157233,22.6415094,1.8867925,1.8867925,0,7.5471698,0,0,0,0,0,5.6603774,33.3333333,66.6666667,0,0,0,0,44.4444444,22.2222222,0,0,100,0,0,44.4444444,13.2075472,0,NA,NA,NA,NA,NA,NA,NA,NA
Ninewa,Aqra,8.402714932,6.601809955,45.423605,49.2458566,5.3305384,7.7720207,5.1813472,50.7483063,49.2516937,57.8947368,58.4795322,94.5701357,19.4570136,1.754386,40.9356725,16.6666667,1.3888889,27.7777778,9.7222222,11.1111111,0,2.7777778,0,6.9444444,11.1111111,2.7777778,18.0555556,1.3888889,11.1111111,9.574468085,20,84.2105263,18.4210526,23.6842105,5.2631579,13.1578947,5.2631579,2.6315789,79.1855204,22.1719457,16.2895928,93.2126697,4.9773756,1.8099548,62.8959276,96.3800905,40.7239819,96.3800905,93.125,3.125,0,0,0,21.25,0,12.5,6.875,0.625,0,73.7556561,55.6561086,20.361991,2.7149321,5.4298643,7.239819,100,85.520362,9.5022624,100,94.1176471,89.1402715,71.4932127,70,75.4491018,77.6255708,71.3636364,77.3755656,50.678733,0,90.4977376,4.0723982,60.6334842,66.0633484,4.5248869,2.2624434,85.9728507,3.196347,28.5714286,0,0,14.2857143,57.1428571,0,0,0,0,0,1.3953488,0.9174312,0.913242,0.4524887,0,0,31.1111111,0.9090909,0.9090909,0,0,45.2488688,44.3438914,2.7149321,0.9090909,0.9090909,0,0,0,0,0,0,19.4570136,6.3348416,100,98.5148515,93.1034483,#N/A,#N/A,#N/A,#N/A,#N/A,#N/A,#N/A,#N/A,#N/A,#N/A,#N/A,#N/A,#N/A,#N/A,#N/A,59.8130841,21.0280374,12.6168224,21.9626168,0.9345794,0,0,0,0,7.4766355,14.953271,14.0186916,2.3364486,8.8785047,0,10.2803738,0,6.0747664,0.9345794,0.9345794,12.6168224,0.9345794,0,0,16.3551402,12.6168224,2.7149321,0,30,19.4570136,6.3348416,50.2262443,1.3574661,1.3574661,2.2624434,39.3665158,70.5882353,2.7149321,1.3574661,0,0.9049774,8.5972851,75.5656109,23.0769231,14.9321267,4.9773756,1.8099548,0.9049774,0,3.6199095,0,0,15.3846154,49.7737557,54.2986425,42.9864253,1.8099548,19.0045249,1.8099548,2.2624434,1.8099548,4.0723982,0,0,0,0,0,9.0497738,25,10,0,0,0,35,5,35,0,0,90,5,0,35.2941176,7.6923077,0,NA,NA,NA,NA,NA,NA,NA,NA
Ninewa,Sinjar,6.119402985,6.119402985,45.8660162,51.88274,2.2512438,4.5454545,4.5454545,54.7151149,45.2848851,85.1851852,85.1851852,88.0597015,22.3880597,5.5555556,14.8148148,25,0,50,0,0,0,0,0,0,0,0,50,0,0,11.62790698,16.6666667,75,0,0,20,45,25,0,56.7164179,4.4776119,2.9850746,97.0149254,2.9850746,0,92.5373134,98.5074627,59.7014925,98.5074627,60,0,0,0,0,4.4444444,0,53.3333333,24.4444444,0,0,64.1791045,40.2985075,5.9701493,2.9850746,8.9552239,5.9701493,64.1791045,95.5223881,56.7164179,94.0298507,95.5223881,95.5223881,73.1343284,100,28.3333333,95.5223881,49.2537313,53.7313433,10.4477612,1.4925373,94.0298507,19.4029851,44.7761194,64.1791045,2.9850746,16.4179104,71.641791,17.9104478,8.3333333,16.6666667,0,0,75,0,0,0,0,0,27.6923077,0,4.6875,0,23.8095238,0,25,0,0,0,0,91.0447761,91.0447761,0,0,0,0,0,0,0,0,0,26.8656716,17.9104478,91.8032787,81.0344828,78.2608696,26.6666667,0,26.6666667,13.3333333,0,6.6666667,80,13.3333333,0,6.6666667,0,0,13.3333333,6.6666667,0,3.8461538,1.9230769,0,3.8461538,0,0,0,1.9230769,1.9230769,48.0769231,32.6923077,34.6153846,0,7.6923077,0,5.7692308,1.9230769,0,0,25,28.8461538,0,0,0,34.6153846,0,26.8656716,4.6511628,50,2.9850746,7.4626866,74.6268657,49.2537313,22.3880597,7.4626866,20.8955224,62.6865672,0,5.9701493,0,0,8.9552239,68.6567164,41.7910448,10.4477612,38.8059701,8.9552239,0,32.8358209,38.8059701,1.4925373,0,37.3134328,58.2089552,74.6268657,38.8059701,1.4925373,7.4626866,20.8955224,0,0,10.4477612,0,0,0,0,2.9850746,2.9850746,0,100,0,0,0,50,0,0,0,0,100,0,0,50,14.9253731,1,NA,NA,NA,NA,NA,NA,NA,NA
Ninewa,Telafar,6.467741935,6.483870968,44.8624628,51.1417615,3.9957757,8.0645161,6.4516129,50.9507965,49.0492035,79.5454545,79.5454545,95.1612903,30.6451613,0,20.4545455,0,0,44.4444444,0,0,0,0,0,11.1111111,11.1111111,11.1111111,44.4444444,0,0,6.060606061,40,71.4285714,0,0,0,50,14.2857143,0,40.3225806,4.8387097,6.4516129,100,0,0,69.3548387,96.7741935,53.2258065,96.7741935,71.7948718,2.5641026,0,2.5641026,0,2.5641026,0,69.2307692,20.5128205,5.1282051,2.5641026,59.6774194,41.9354839,9.6774194,1.6129032,1.6129032,4.8387097,75.8064516,93.5483871,58.0645161,79.0322581,91.9354839,100,59.6774194,50,21.8181818,90.3225806,53.2258065,62.9032258,9.6774194,0,96.7741935,17.7419355,35.483871,66.1290323,11.2903226,17.7419355,72.5806452,11.2903226,28.5714286,0,0,14.2857143,85.7142857,0,0,0,0,0,31.0344828,0,8.3333333,0,21.4285714,0,16.6666667,0,0,0,0,90.3225806,90.3225806,0,0,0,0,0,0,0,0,0,27.4193548,12.9032258,100,94,74.4680851,0,0,0,75,0,0,75,0,0,50,25,0,0,25,0,3.4482759,3.4482759,1.7241379,8.6206897,0,0,0,0,0,39.6551724,37.9310345,41.3793103,5.1724138,8.6206897,0,1.7241379,1.7241379,1.7241379,0,22.4137931,39.6551724,0,0,0,44.8275862,1.7241379,30.6451613,2.3255814,#N/A,8.0645161,12.9032258,82.2580645,27.4193548,30.6451613,3.2258065,30.6451613,56.4516129,0,3.2258065,0,0,8.0645161,53.2258065,46.7741935,22.5806452,40.3225806,1.6129032,0,25.8064516,35.483871,0,0,38.7096774,58.0645161,74.1935484,48.3870968,0,6.4516129,19.3548387,0,0,11.2903226,0,0,0,1.6129032,0,0,#N/A,#N/A,#N/A,#N/A,#N/A,#N/A,#N/A,#N/A,#N/A,#N/A,#N/A,#N/A,#N/A,#N/A,14.516129,1,NA,NA,NA,NA,NA,NA,NA,NA
Ninewa,Tilkaef,5.578947368,5.578947368,45.3846738,51.1530721,3.4622541,10.5263158,10.5263158,50.6423255,49.3576745,79.4871795,79.4871795,96.4912281,8.7719298,0,20.5128205,25,0,12.5,12.5,0,0,0,0,0,12.5,0,50,0,0,11.76470588,25,50,0,0,33.3333333,100,50,0,50.877193,8.7719298,5.2631579,96.4912281,3.5087719,0,75.4385965,92.9824561,68.4210526,92.9824561,78.2608696,4.3478261,0,2.173913,0,6.5217391,0,45.6521739,23.9130435,2.173913,0,92.9824561,35.0877193,12.2807018,0,5.2631579,1.754386,96.4912281,98.245614,35.0877193,80.7017544,100,96.4912281,75.4385965,83.3333333,33.9622642,89.4736842,50.877193,71.9298246,21.0526316,5.2631579,96.4912281,15.7894737,47.3684211,47.3684211,8.7719298,0,56.1403509,5.4545455,0,0,0,0,100,0,0,0,0,0,48.2142857,1.754386,26.3157895,0,32.1428571,0,28.5714286,0,0,0,0,91.2280702,91.2280702,0,0,0,0,0,0,0,0,0,38.5964912,7.0175439,100,85.4166667,100,14.2857143,0,14.2857143,28.5714286,0,0,71.4285714,0,0,0,0,0,14.2857143,0,0,12,0,0,6,0,0,0,0,0,26,48,56,2,28,0,10,0,2,2,38,44,0,0,0,58,0,29.8245614,0,#N/A,5.2631579,49.122807,80.7017544,1.754386,1.754386,7.0175439,35.0877193,70.1754386,0,14.0350877,0,1.754386,5.2631579,70.1754386,52.6315789,14.0350877,40.3508772,0,3.5087719,10.5263158,40.3508772,7.0175439,0,45.6140351,49.122807,43.8596491,52.6315789,10.5263158,28.0701754,19.2982456,1.754386,0,1.754386,0,0,0,0,0,0,#N/A,#N/A,#N/A,#N/A,#N/A,#N/A,#N/A,#N/A,#N/A,#N/A,#N/A,#N/A,#N/A,#N/A,15.7894737,1,NA,NA,NA,NA,NA,NA,NA,NA
Salah Al-Din,Balad,5.762711864,5.372881356,34.0160075,57.4387947,8.5451977,10.3448276,8.4745763,51.2079634,48.7920366,86.4864865,86.4864865,94.9152542,1.6949153,5.4054054,13.5135135,0,20,40,0,0,0,0,0,0,20,0,20,0,0,8.108108108,17.6470588,50,0,16.6666667,16.6666667,58.3333333,16.6666667,0,55.9322034,15.2542373,5.0847458,84.7457627,15.2542373,0,89.8305085,100,50.8474576,100,20.5882353,2.9411765,0,0,2.9411765,2.9411765,0,23.5294118,5.8823529,0,0,13.559322,61.0169492,10.1694915,3.3898305,1.6949153,5.0847458,93.220339,93.220339,57.6271186,100,88.1355932,93.220339,67.7966102,80,72.0930233,86.440678,38.9830508,50.8474576,18.6440678,1.6949153,96.6101695,10.1694915,47.4576271,100,11.8644068,5.0847458,37.2881356,0,#N/A,#N/A,#N/A,#N/A,#N/A,#N/A,#N/A,#N/A,#N/A,#N/A,0,0,0,0,0,0,50,5.0847458,5.0847458,0,9.8039216,0,0,0,1.6949153,0,1.6949153,0,0,0,0,1.6949153,20.3389831,3.3898305,100,92.1052632,97.0588235,40,0,0,20,0,40,80,0,0,0,0,0,0,0,0,6.5217391,0,0,2.173913,2.173913,0,0,0,0,52.173913,34.7826087,65.2173913,2.173913,26.0869565,2.173913,4.3478261,0,6.5217391,0,2.173913,32.6086957,0,0,0,67.3913043,0,37.2881356,4.1666667,50,33.8983051,27.1186441,40.6779661,18.6440678,32.2033898,6.779661,44.0677966,37.2881356,15.2542373,3.3898305,0,1.6949153,0,42.3728814,10.1694915,16.9491525,59.3220339,30.5084746,38.9830508,3.3898305,25.4237288,11.8644068,6.779661,44.0677966,25.4237288,61.0169492,33.8983051,33.8983051,30.5084746,1.6949153,0,0,1.6949153,3.3898305,10.1694915,3.3898305,3.3898305,0,6.779661,0,100,0,0,0,0,0,0,0,0,100,0,0,100,49.1525424,1,NA,NA,NA,NA,NA,NA,NA,NA
Salah Al-Din,Samarra,6.385964912,5.473684211,33.1371991,64.0480621,2.8147389,5.2631579,5.2631579,48.2341586,51.7658414,90,90,100,12.2807018,2.5,10,75,25,0,0,0,0,0,0,0,25,0,25,0,0,4.761904762,0,75,0,25,25,25,0,0,54.3859649,26.3157895,21.0526316,84.2105263,15.7894737,0,100,100,78.9473684,100,20.5128205,0,0,0,0,0,0,23.0769231,15.3846154,5.1282051,0,56.1403509,59.6491228,7.0175439,0,0,22.8070175,100,100,22.8070175,100,84.2105263,98.245614,21.0526316,33.3333333,38.4615385,75,64.9122807,59.6491228,10.5263158,1.754386,100,7.0175439,70.1754386,73.6842105,19.2982456,3.5087719,14.0350877,0,#N/A,#N/A,#N/A,#N/A,#N/A,#N/A,#N/A,#N/A,#N/A,#N/A,5.2631579,0,3.5087719,1.754386,0,0,75,1.754386,1.754386,0,0,40.3508772,29.8245614,0,3.5087719,3.5087719,0,0,0,0,0,0,24.5614035,5.2631579,97.9166667,73.9130435,82.3529412,86.6666667,33.3333333,13.3333333,13.3333333,0,0,26.6666667,0,0,0,0,0,0,0,0,63.8888889,13.8888889,5.5555556,0,8.3333333,5.5555556,5.5555556,5.5555556,0,27.7777778,8.3333333,25,5.5555556,8.3333333,0,2.7777778,0,8.3333333,2.7777778,8.3333333,13.8888889,0,0,0,27.7777778,5.5555556,24.5614035,0,85.7142857,36.8421053,26.3157895,47.3684211,28.0701754,36.8421053,10.5263158,29.8245614,42.1052632,1.754386,3.5087719,1.754386,0,3.5087719,49.122807,21.0526316,26.3157895,57.8947368,49.122807,14.0350877,12.2807018,17.5438596,5.2631579,0,49.122807,52.6315789,73.6842105,28.0701754,7.0175439,12.2807018,10.5263158,3.5087719,1.754386,21.0526316,5.2631579,1.754386,0,0,0,12.2807018,28.5714286,100,0,0,0,14.2857143,0,0,0,0,100,0,0,100,50.877193,1,NA,NA,NA,NA,NA,NA,NA,NA
Salah Al-Din,Tikrit,6.421052632,6.403508772,46.2400222,51.5495275,2.2104504,14.5454545,14.5454545,48.773108,51.226892,76.5957447,78.7234043,98.245614,35.0877193,6.3829787,21.2765957,18.1818182,9.0909091,27.2727273,0,9.0909091,0,0,0,0,27.2727273,0,18.1818182,0,18.1818182,18.91891892,33.3333333,66.6666667,6.6666667,6.6666667,13.3333333,73.3333333,13.3333333,0,47.3684211,7.0175439,8.7719298,96.4912281,3.5087719,0,92.9824561,100,68.4210526,100,41.9354839,0,0,0,0,0,3.2258065,51.6129032,32.2580645,3.2258065,0,63.1578947,35.0877193,12.2807018,3.5087719,5.2631579,5.2631579,100,98.245614,56.1403509,87.7192982,94.7368421,96.4912281,71.9298246,75,25.5319149,66.6666667,45.6140351,63.1578947,14.0350877,0,98.245614,7.0175439,56.1403509,80.7017544,12.2807018,3.5087719,56.1403509,14.0350877,37.5,0,0,0,50,0,12.5,0,0,0,9.0909091,1.754386,5.5555556,1.754386,3.6363636,0,28.5714286,0,0,0,0,89.4736842,84.2105263,0,0,0,0,0,0,0,0,0,35.0877193,7.0175439,100,84.0909091,70.2702703,50,10,0,50,0,0,60,0,0,30,0,0,10,10,0,2.173913,0,0,0,0,0,0,0,0,54.3478261,28.2608696,47.826087,0,26.0869565,0,4.3478261,8.6956522,4.3478261,4.3478261,8.6956522,15.2173913,0,0,0,47.826087,0,28.0701754,0,0,5.2631579,14.0350877,73.6842105,7.0175439,38.5964912,3.5087719,29.8245614,43.8596491,0,0,0,0,15.7894737,82.4561404,40.3508772,22.8070175,42.1052632,8.7719298,0,10.5263158,14.0350877,0,0,49.122807,43.8596491,73.6842105,40.3508772,1.754386,10.5263158,3.5087719,0,0,10.5263158,0,0,0,0,1.754386,1.754386,0,0,0,0,0,0,100,0,0,0,100,0,0,0,17.5438596,1,NA,NA,NA,NA,NA,NA,NA,NA
Salah Al-Din,Tooz Khurmato,4.984126984,5.698412698,46.283441,51.263113,2.453446,8.4745763,6.779661,45.6109565,54.3890435,78.5714286,79.5918367,99.2063492,40.4761905,4.0816327,10.2040816,36.3636364,18.1818182,18.1818182,0,0,0,9.0909091,27.2727273,9.0909091,9.0909091,0,18.1818182,0,0,11.26760563,43.3333333,89.5833333,18.75,27.0833333,4.1666667,33.3333333,14.5833333,0,62.6984127,14.2857143,5.5555556,96.031746,3.968254,0,96.8253968,100,50,100,67.3469388,8.1632653,2.0408163,6.122449,8.1632653,0,0,14.2857143,26.5306122,0,2.0408163,60.3174603,27.7777778,8.7301587,3.1746032,1.5873016,6.3492063,100,93.6507937,72.2222222,71.4285714,83.3333333,81.7460317,74.6031746,83.3333333,37.2093023,74.6031746,67.4603175,76.1904762,7.1428571,0,99.2063492,4.7619048,52.3809524,84.9206349,28.5714286,10.5263158,54.7619048,3.7037037,100,25,0,0,25,0,0,0,0,0,23.853211,14.159292,2.6785714,0,7.8947368,0,18.1818182,0,0,0,0,37.3015873,34.1269841,1.5873016,0,0,0,0,0,0,0,0,23.8095238,16.6666667,100,96.7032967,49.1803279,85.7142857,14.2857143,28.5714286,14.2857143,28.5714286,42.8571429,14.2857143,14.2857143,0,0,0,0,0,0,0,35.6521739,17.3913043,13.9130435,9.5652174,2.6086957,0.8695652,0,0.8695652,2.6086957,49.5652174,24.3478261,41.7391304,0.8695652,0,0,0.8695652,0.8695652,0,0.8695652,0,0,0,3.4782609,5.2173913,41.7391304,13.9130435,21.4285714,0,#N/A,47.6190476,43.6507937,76.1904762,21.4285714,49.2063492,5.5555556,7.1428571,13.4920635,0.7936508,1.5873016,0,0,0,79.3650794,43.6507937,20.6349206,25.3968254,10.3174603,15.8730159,0,23.8095238,0.7936508,0,43.6507937,38.0952381,19.047619,48.4126984,39.6825397,15.8730159,31.7460317,9.5238095,0.7936508,0,0.7936508,0.7936508,5.5555556,0,0,0,#N/A,#N/A,#N/A,#N/A,#N/A,#N/A,#N/A,#N/A,#N/A,#N/A,#N/A,#N/A,#N/A,#N/A,26.984127,0,NA,NA,NA,NA,NA,NA,NA,NA
Thi-Qar,Al-Nasiriya,5.2,5.116666667,41.8386243,50.9900794,7.1712963,16.6666667,13.3333333,44.4748677,55.5251323,93.4782609,95.6521739,95,10,2.173913,4.3478261,0,0,66.6666667,0,0,0,0,0,0,33.3333333,0,66.6666667,0,0,7.317073171,6.6666667,81.8181818,18.1818182,0,0,63.6363636,27.2727273,0,66.6666667,16.6666667,5,91.6666667,8.3333333,0,90,100,51.6666667,100,42.5531915,0,0,2.1276596,0,12.7659574,0,31.9148936,14.893617,0,0,26.6666667,56.6666667,5,3.3333333,8.3333333,3.3333333,95,98.3333333,56.6666667,96.6666667,90,96.6666667,51.6666667,87.5,60,81.6666667,38.3333333,55,28.3333333,3.3333333,100,1.6666667,40,78.3333333,13.3333333,0,31.6666667,6.6666667,50,25,0,0,25,0,0,0,0,0,10,5,6.6666667,0,8.3333333,0,100,1.6666667,1.6666667,0,1.8867925,31.6666667,28.3333333,0,0,0,0,0,0,0,0,0,33.3333333,1.6666667,100,92.5925926,98,60,0,40,40,0,0,40,20,0,20,20,0,0,0,0,7.8431373,0,1.9607843,0,0,0,0,1.9607843,0,41.1764706,47.0588235,39.2156863,0,23.5294118,0,1.9607843,0,3.9215686,0,11.7647059,39.2156863,0,0,0,39.2156863,1.9607843,23.3333333,6.6666667,75,18.3333333,46.6666667,66.6666667,16.6666667,28.3333333,5,28.3333333,36.6666667,6.6666667,6.6666667,0,0,3.3333333,63.3333333,31.6666667,10,40,15,16.6666667,6.6666667,28.3333333,6.6666667,0,41.6666667,56.6666667,33.3333333,63.3333333,23.3333333,21.6666667,6.6666667,1.6666667,0,1.6666667,1.6666667,0,0,0,0,6.6666667,0,100,0,0,0,0,0,25,0,0,100,0,0,75,43.3333333,1,NA,NA,NA,NA,NA,NA,NA,NA
Wassit,Al-Kut,4.465909091,4.465909091,40.2002165,55.4626623,4.3371212,12.0481928,7.2289157,45.3598485,54.6401515,87.7192982,87.7192982,100,11.3636364,3.5087719,12.2807018,0,0,85.7142857,14.2857143,0,0,0,0,0,0,0,0,14.2857143,0,5.454545455,9.0909091,100,0,25,0,25,25,0,52.2727273,7.9545455,3.4090909,100,0,0,93.1818182,100,44.3181818,100,16.3636364,1.8181818,0,0,0,0,0,5.4545455,0,0,0,67.0454545,25,0,0,1.1363636,21.5909091,100,97.7272727,54.5454545,100,100,95.4545455,26.1363636,16.6666667,46.4788732,95.4545455,4.5454545,20.4545455,55.6818182,0,100,1.1363636,79.5454545,92.0454545,5.6818182,2.2727273,54.5454545,0,#N/A,#N/A,#N/A,#N/A,#N/A,#N/A,#N/A,#N/A,#N/A,#N/A,0,0,0,0,0,0,#N/A,0,0,0,0,70.4545455,68.1818182,0,1.1363636,0,0,0,0,0,1.1363636,0,14.7727273,2.2727273,100,100,97.9166667,25,50,62.5,12.5,0,0,0,0,0,0,0,0,0,0,0,28.1690141,22.5352113,26.7605634,21.1267606,1.4084507,0,0,0,0,57.7464789,57.7464789,47.8873239,2.8169014,5.6338028,2.8169014,1.4084507,0,9.8591549,0,0,8.4507042,0,0,0,49.2957746,26.7605634,26.1363636,#N/A,#N/A,19.3181818,5.6818182,62.5,1.1363636,59.0909091,10.2272727,30.6818182,69.3181818,3.4090909,4.5454545,5.6818182,0,0,70.4545455,39.7727273,12.5,40.9090909,12.5,37.5,9.0909091,18.1818182,1.1363636,0,35.2272727,52.2727273,44.3181818,79.5454545,9.0909091,25,15.9090909,9.0909091,0,5.6818182,0,0,0,0,1.1363636,0,#N/A,#N/A,#N/A,#N/A,#N/A,#N/A,#N/A,#N/A,#N/A,#N/A,#N/A,#N/A,#N/A,#N/A,47.7272727,0,NA,NA,NA,NA,NA,NA,NA,NA
